GYLP;DAG;MON;YEAR;LOKAL
1501;1;5;93;SVA
1502;1;5;93;SVA
1503;1;5;93;SVA
1504;1;5;93;SVA
1505;1;5;93;SVA
1506;1;5;93;SVA
1507;1;5;93;SVA
1508;1;5;93;SVA
1509;1;5;93;SVA
1510;1;5;93;SVA
1511;1;5;93;SVA
1512;1;5;93;SVA
1513;1;5;93;SVA
1514;1;5;93;SVA
1515;1;5;93;SVA
1516;1;5;93;SVA
1517;1;5;93;SVA
1518;1;5;93;SVA
1519;1;5;93;SVA
1520;1;5;93;SVA
1521;1;5;93;SVA
1522;1;5;93;SVA
1523;1;5;93;SVA
1524;1;5;93;SVA
1525;1;5;93;SVA
1526;1;5;93;SVA
1527;1;5;93;SVA
1528;1;5;93;SVA
1529;1;5;93;SVA
1530;1;5;93;SVA
1531;1;5;93;SVA
1532;1;5;93;SVA
1533;1;5;93;SVA
1534;1;5;93;SVA
1535;1;5;93;SVA
1536;1;5;93;SVA
1537;8;5;93;STA
1538;8;5;93;STA
1539;8;5;93;STA
1540;8;5;93;STA
1541;8;5;93;STA
1542;8;5;93;STA
1543;8;5;93;STA
1544;8;5;93;STA
1545;8;5;93;STA
1546;8;5;93;STA
1547;8;5;93;STA
1548;8;5;93;STA
1549;8;5;93;STA
1550;8;5;93;STA
1551;8;5;93;STA
1552;8;5;93;STA
1553;8;5;93;STA
1554;8;5;93;STA
1555;8;5;93;STA
1556;8;5;93;STA
1557;8;5;93;STA
1558;8;5;93;STA
1559;8;5;93;STA
1560;8;5;93;STA
1561;8;5;93;STA
1562;8;5;93;STA
1563;8;5;93;STA
1564;8;5;93;STA
1565;8;5;93;STA
1566;8;5;93;STA
1567;8;5;93;STA
1568;8;5;93;STA
1569;8;5;93;STA
1570;8;5;93;STA
1571;8;5;93;STA
1572;8;5;93;STA
1573;8;5;93;STA
1574;8;5;93;STA
1575;8;5;93;STA
1576;8;5;93;STA
1577;8;5;93;STA
1578;8;5;93;STA
1579;8;5;93;STA
1580;8;5;93;STA
1581;8;5;93;STA
1582;8;5;93;STA
1583;8;5;93;STA
1584;8;5;93;STA
1585;8;5;93;STA
1586;8;5;93;STA
1587;8;5;93;STA
1588;8;5;93;STA
1589;6;5;93;TYR
1590;6;5;93;TYR
1591;6;5;93;TYR
1592;6;5;93;TYR
1593;6;5;93;TYR
1594;6;5;93;TYR
1595;6;5;93;TYR
1596;6;5;93;TYR
1597;6;5;93;TYR
1598;6;5;93;TYR
1599;6;5;93;TYR
1600;6;5;93;TYR
1601;6;5;93;TYR
1602;6;5;93;TYR
1603;6;5;93;TYR
1604;6;5;93;TYR
1605;6;5;93;TYR
1606;6;5;93;TYR
1607;6;5;93;TYR
1608;6;5;93;TYR
1609;6;5;93;TYR
1610;6;5;93;TYR
1611;6;5;93;TYR
1612;6;5;93;TYR
1613;6;5;93;TYR
1614;6;5;93;TYR
1615;6;5;93;TYR
1616;6;5;93;TYR
1617;6;5;93;TYR
1618;6;5;93;TYR
1619;6;5;93;TYR
1620;6;5;93;TYR
1621;6;5;93;TYR
1622;6;5;93;TYR
1623;6;5;93;TYR
1624;6;5;93;TYR
1625;6;5;93;TYR
1626;6;5;93;TYR
1627;6;5;93;TYR
1628;6;5;93;TYR
1629;6;5;93;TYR
1630;6;5;93;TYR
1631;6;5;93;TYR
1632;6;5;93;TYR
1633;6;5;93;TYR
1634;6;5;93;TYR
1635;6;5;93;TYR
1636;6;5;93;TYR
1637;6;5;93;TYR
1638;6;5;93;DYR
1639;6;5;93;DYR
1640;6;5;93;DYR
1641;6;5;93;DYR
1642;6;5;93;DYR
1643;6;5;93;DYR
1644;6;5;93;DYR
1645;6;5;93;DYR
1646;6;5;93;DYR
1647;6;5;93;DYR
1648;6;5;93;DYR
1649;6;5;93;DYR
1650;6;5;93;DYR
1651;6;5;93;DYR
1652;6;5;93;DYR
1653;6;5;93;DYR
1654;6;5;93;DYR
1655;6;5;93;DYR
1656;6;5;93;DYR
1657;6;5;93;DYR
1658;6;5;93;DYR
1659;6;5;93;DYR
1660;6;5;93;DYR
1661;6;5;93;DYR
1662;6;5;93;DYR
1663;6;5;93;DYR
1664;6;5;93;DYR
1665;6;5;93;DYR
1666;6;5;93;DYR
1667;6;5;93;DYR
1668;6;5;93;DYR
1669;6;5;93;DYR
1670;6;5;93;DYR
1671;6;5;93;DYR
1672;6;5;93;DYR
1673;6;5;93;DYR
1674;6;5;93;DYR
1675;6;5;93;DYR
1676;12;5;93;BR
1677;12;5;93;BR
1678;12;5;93;BR
1679;12;5;93;BR
1680;12;5;93;BR
1681;12;5;93;BR
1682;12;5;93;BR
1683;12;5;93;BR
1684;12;5;93;BR
1685;12;5;93;BR
1686;12;5;93;BR
1687;12;5;93;BR
1688;12;5;93;BR
1689;12;5;93;BR
1690;12;5;93;BR
1691;12;5;93;BR
1692;12;5;93;BR
1693;12;5;93;BR
1694;12;5;93;BR
1695;12;5;93;BR
1696;12;5;93;BR
1697;12;5;93;BR
1698;12;5;93;BR
1699;12;5;93;BR
1700;12;5;93;BR
1701;12;5;93;BR
1702;12;5;93;BR
1703;12;5;93;BR
1704;12;5;93;BR
1705;12;5;93;BR
1706;12;5;93;BR
1707;12;5;93;BR
1708;12;5;93;BR
1709;12;5;93;BR
1710;12;5;93;BR
1711;12;5;93;BR
1712;12;5;93;BR
1713;7;5;93;ORM
1714;7;5;93;ORM
1715;7;5;93;ORM
1716;7;5;93;ORM
1717;7;5;93;ORM
1718;7;5;93;ORM
1719;7;5;93;ORM
1720;7;5;93;ORM
1721;7;5;93;ORM
1722;7;5;93;ORM
1723;7;5;93;ORM
1724;7;5;93;ORM
1725;7;5;93;ORM
1726;7;5;93;ORM
1727;7;5;93;ORM
1728;7;5;93;ORM
1729;7;5;93;ORM
1730;7;5;93;ORM
1731;7;5;93;ORM
1732;7;5;93;ORM
1733;7;5;93;ORM
1734;7;5;93;ORM
1735;7;5;93;ORM
1736;7;5;93;ORM
1737;7;5;93;ORM
1738;7;5;93;ORM
1739;7;5;93;ORM
1740;7;5;93;ORM
1741;7;5;93;ORM
1742;7;5;93;ORM
1743;7;5;93;ORM
1744;7;5;93;ORM
1745;7;5;93;ORM
1746;7;5;93;ORM
1747;7;5;93;ORM
1748;7;5;93;ORM
1749;7;5;93;ORM
1750;7;5;93;ORM
1751;7;5;93;ORM
1752;7;5;93;ORM
1753;7;5;93;ORM
1754;7;5;93;ORM
1755;7;5;93;ORM
1756;7;5;93;ORM
1757;7;5;93;ORM
1758;7;5;93;ORM
1759;7;5;93;ORM
1760;7;5;93;ORM
1761;7;5;93;ORM
1762;7;5;93;ORM
1763;7;5;93;ORM
1764;7;5;93;ORM
1765;7;5;93;ORM
1766;7;5;93;ORM
1767;7;5;93;ORM
1768;7;5;93;ORM
1769;7;5;93;ORM
1770;7;5;93;ORM
1771;7;5;93;ORM
1772;13;5;93;HOP
1773;13;5;93;HOP
1774;13;5;93;HOP
1775;13;5;93;HOP
1776;13;5;93;HOP
1777;13;5;93;HOP
1778;13;5;93;HOP
1779;13;5;93;HOP
1780;13;5;93;HOP
1781;13;5;93;HOP
1782;13;5;93;HOP
1783;13;5;93;HOP
1784;13;5;93;HOP
1785;13;5;93;HOP
1786;13;5;93;HOP
1787;13;5;93;HOP
1788;13;5;93;HOP
1789;13;5;93;HOP
1790;13;5;93;HOP
1791;13;5;93;HOP
1792;13;5;93;HOP
1793;13;5;93;HOP
1794;13;5;93;HOP
1795;13;5;93;HOP
1796;13;5;93;HOP
1797;13;5;93;HOP
1798;13;5;93;HOP
1799;13;5;93;HOP
1800;13;5;93;HOP
1801;13;5;93;HOP
1802;13;5;93;HOP
1803;5;5;93;NAK
1804;5;5;93;NAK
1805;5;5;93;NAK
1806;5;5;93;NAK
1807;5;5;93;NAK
1808;5;5;93;NAK
1809;5;5;93;NAK
1810;5;5;93;NAK
1811;5;5;93;NAK
1812;5;5;93;NAK
1813;5;5;93;NAK
1814;5;5;93;NAK
1815;5;5;93;NAK
1816;5;5;93;NAK
1817;5;5;93;NAK
1818;5;5;93;NAK
1819;5;5;93;NAK
1820;5;5;93;NAK
1821;5;5;93;NAK
1822;5;5;93;NAK
1823;5;5;93;NAK
1824;5;5;93;NAK
1825;5;5;93;NAK
1826;5;5;93;NAK
1827;5;5;93;NAK
1828;5;5;93;NAK
1829;5;5;93;NAK
1830;5;5;93;NAK
1831;5;5;93;NAK
1832;5;5;93;NAK
1833;5;5;93;NAK
1834;5;5;93;NAK
1835;5;5;93;NAK
1836;8;5;93;SAL
1837;8;5;93;SAL
1838;8;5;93;SAL
1839;8;5;93;SAL
1840;8;5;93;SAL
1841;8;5;93;SAL
1842;8;5;93;SAL
1843;8;5;93;SAL
1844;8;5;93;SAL
1845;8;5;93;SAL
1846;8;5;93;SAL
1847;8;5;93;SAL
1848;8;5;93;SAL
1849;8;5;93;SAL
1850;8;5;93;SAL
1851;8;5;93;SAL
1852;8;5;93;SAL
1853;8;5;93;SAL
1854;8;5;93;SAL
1855;8;5;93;SAL
1856;8;5;93;SAL
1857;8;5;93;SAL
1858;8;5;93;SAL
1859;8;5;93;SAL
1860;8;5;93;SAL
1861;8;5;93;SAL
1862;8;5;93;SAL
1863;8;5;93;SAL
1864;8;5;93;SAL
1865;8;5;93;SAL
1866;8;5;93;SAL
1867;8;5;93;SAL
1868;8;5;93;SAL
1869;8;5;93;SAL
1870;8;5;93;SAL
1871;8;5;93;SAL
1872;8;5;93;SAL
1873;8;5;93;SAL
1874;8;5;93;SAL
1875;8;5;93;SAL
1876;8;5;93;SAL
1877;8;5;93;SAL
1878;8;5;93;SAL
1879;8;5;93;SAL
1880;8;5;93;SAL
1881;8;5;93;SAL
1882;8;5;93;SAL
1883;9;4;93;M텍
1884;9;4;93;M텍
1885;9;4;93;M텍
1886;9;4;93;M텍
1887;9;4;93;M텍
1888;9;4;93;M텍
1889;9;4;93;M텍
1890;9;4;93;M텍
1891;9;4;93;M텍
1892;9;4;93;M텍
1893;9;4;93;M텍
1894;9;4;93;M텍
1895;9;4;93;M텍
1896;9;4;93;M텍
1897;9;4;93;M텍
1898;9;4;93;M텍
1899;9;4;93;M텍
1900;9;4;93;M텍
1901;9;4;93;M텍
1902;9;4;93;M텍
1903;9;4;93;M텍
1904;9;4;93;M텍
1905;9;4;93;M텍
1906;9;4;93;M텍
1907;9;4;93;M텍
1908;9;4;93;M텍
1909;16;7;93;MEL
1910;16;7;93;MEL
1911;16;7;93;MEL
1912;16;7;93;MEL
1913;16;7;93;MEL
1914;16;7;93;MEL
1915;16;7;93;MEL
1916;16;7;93;MEL
1917;16;7;93;MEL
1918;16;7;93;MEL
1919;16;7;93;MEL
1920;16;7;93;MEL
1921;16;7;93;MEL
1922;16;7;93;MEL
1923;16;7;93;MEL
1924;16;7;93;MEL
1925;16;7;93;MEL
1926;16;7;93;MEL
1927;16;7;93;MEL
1928;16;7;93;MEL
1929;16;7;93;MEL
1930;16;7;93;MEL
1931;16;7;93;MEL
1932;16;7;93;MEL
1933;16;7;93;MEL
1934;16;7;93;MEL
1935;16;7;93;MEL
1936;29;4;93;RSA
1937;29;4;93;RSA
1938;29;4;93;RSA
1939;29;4;93;RSA
1940;29;4;93;RSA
1941;29;4;93;RSA
1942;29;4;93;RSA
1943;29;4;93;RSA
1944;29;4;93;RSA
1945;29;4;93;RSA
1946;29;4;93;RSA
1947;29;4;93;RSA
1948;29;4;93;RSA
1949;29;4;93;RSA
1950;29;4;93;RSA
1951;29;4;93;RSA
1952;29;4;93;RSA
1953;29;4;93;RSA
1954;29;4;93;RSA
1955;29;4;93;RSA
1956;29;4;93;RSA
1957;29;4;93;RSA
1958;29;4;93;RSA
1959;29;4;93;RSA
1960;29;4;93;RSA
1961;29;4;93;RSA
1962;29;4;93;RSA
1963;29;4;93;RSA
1964;29;4;93;RSA
1965;29;4;93;RSA
1966;29;4;93;RSA
1967;29;4;93;RSA
1968;29;4;93;RSA
1969;29;4;93;RSA
1970;29;4;93;RSA
1971;29;4;93;RSA
1972;29;4;93;RSA
1973;29;4;93;RSA
1974;29;4;93;RSA
1975;29;4;93;RSA
1976;29;4;93;RSA
1977;29;4;93;RSA
1978;29;4;93;RSA
1979;29;4;93;RSA
1980;29;5;93;MEL
1981;29;5;93;MEL
1982;29;5;93;MEL
1983;29;5;93;MEL
1984;29;5;93;MEL
1985;29;5;93;MEL
1986;29;5;93;MEL
1987;29;5;93;MEL
1988;29;5;93;MEL
1989;29;5;93;MEL
1990;29;5;93;MEL
1991;29;5;93;MEL
1992;29;5;93;MEL
1993;29;5;93;MEL
1994;29;5;93;MEL
1995;29;5;93;MEL
1996;29;5;93;MEL
1997;29;5;93;MEL
1998;29;5;93;MEL
1999;29;5;93;MEL
2000;29;5;93;MEL
2001;29;5;93;MEL
2002;29;5;93;MEL
2003;29;5;93;MEL
2004;29;5;93;MEL
2005;29;5;93;MEL
2006;29;5;93;MEL
2007;29;5;93;MEL
2008;29;5;93;MEL
2009;29;5;93;MEL
2010;29;5;93;MEL
2011;30;4;93;BOG
2012;30;4;93;BOG
2013;30;4;93;BOG
2014;30;4;93;BOG
2015;30;4;93;BOG
2016;30;4;93;BOG
2017;30;4;93;BOG
2018;30;4;93;BOG
2019;30;4;93;BOG
2020;30;4;93;BOG
2021;30;4;93;BOG
2022;30;4;93;BOG
2023;30;4;93;BOG
2024;30;4;93;BOG
2025;30;4;93;BOG
2026;30;4;93;BOG
2027;30;4;93;BOG
2028;30;4;93;BOG
2029;30;4;93;BOG
2030;30;4;93;BOG
2031;30;4;93;BOG
2032;30;4;93;BOG
2033;30;4;93;BOG
2034;30;4;93;BOG
2035;30;4;93;BOG
2036;30;4;93;BOG
2037;30;4;93;BOG
2038;30;4;93;BOG
2039;30;4;93;BOG
2040;30;4;93;BOG
2041;30;4;93;BOG
2042;30;4;93;BOG
2043;30;4;93;BOG
2044;30;4;93;BOG
2045;30;4;93;BOG
2046;30;4;93;BOG
2047;30;4;93;BOG
2048;30;4;93;BOG
2049;30;4;93;BOG
2050;30;4;93;BOG
2051;30;4;93;BOG
2052;30;4;93;BOG
2053;30;4;93;BOG
2054;30;4;93;BOG
2055;30;4;93;BOG
2056;30;4;93;BOG
2057;30;4;93;BOG
2058;30;4;93;BOG
2059;16;7;93;OLS
2060;16;7;93;OLS
2061;16;7;93;OLS
2062;16;7;93;OLS
2063;16;7;93;OLS
2064;16;7;93;OLS
2065;16;7;93;OLS
2066;16;7;93;OLS
2067;16;7;93;OLS
2068;16;7;93;OLS
2069;16;7;93;OLS
2070;16;7;93;OLS
2071;16;7;93;OLS
2072;16;7;93;OLS
2073;16;7;93;OLS
2074;16;7;93;OLS
2075;16;7;93;OLS
2076;16;7;93;OLS
2077;16;7;93;OLS
2078;16;7;93;OLS
2079;16;7;93;OLS
2080;16;7;93;OLS
2081;16;7;93;OLS
2082;16;7;93;OLS
2083;16;7;93;OLS
2084;16;7;93;OLS
2085;16;7;93;OLS
2086;16;7;93;OLS
2087;16;7;93;OLS
2088;16;7;93;OLS
2089;16;7;93;OLS
2090;16;7;93;OLS
2091;16;7;93;OLS
2092;16;7;93;OLS
2093;16;7;93;OLS
2094;16;7;93;OLS
2095;16;7;93;OLS
2096;16;7;93;OLS
2097;16;7;93;OLS
2098;16;7;93;OLS
2099;16;7;93;OLS
2100;16;7;93;OLS
2101;16;7;93;OLS
2102;16;7;93;OLS
2103;16;7;93;OLS
2104;16;7;93;OLS
2105;16;7;93;OLS
2106;16;7;93;OLS
2107;16;7;93;OLS
2108;16;7;93;OLS
2109;16;7;93;OLS
2110;16;7;93;OLS
2111;16;7;93;OLS
2112;16;7;93;OLS
2113;16;7;93;OLS
2114;16;7;93;OLS
2115;16;7;93;OLS
2116;16;7;93;OLS
2117;16;7;93;OLS
2118;12;6;93;OLS
2119;12;6;93;OLS
2120;12;6;93;OLS
2121;12;6;93;OLS
2122;12;6;93;OLS
2123;12;6;93;OLS
2124;12;6;93;OLS
2125;12;6;93;OLS
2126;12;6;93;OLS
2127;12;6;93;OLS
2128;12;6;93;OLS
2129;12;6;93;OLS
2130;12;6;93;OLS
2131;12;6;93;OLS
2132;12;6;93;OLS
2133;12;6;93;OLS
2134;12;6;93;OLS
2135;12;6;93;OLS
2136;12;6;93;OLS
2137;12;6;93;OLS
2138;12;6;93;OLS
2139;12;6;93;OLS
2140;12;6;93;OLS
2141;12;6;93;OLS
2142;12;6;93;OLS
2143;12;6;93;OLS
2144;12;6;93;OLS
2145;12;6;93;OLS
2146;12;6;93;OLS
2147;12;6;93;OLS
2148;12;6;93;OLS
2149;12;6;93;OLS
2150;12;6;93;OLS
2151;12;6;93;OLS
2152;12;6;93;OLS
2153;12;6;93;OLS
2154;12;6;93;OLS
2155;12;6;93;OLS
2156;12;6;93;OLS
2157;12;6;93;OLS
2158;12;6;93;OLS
2159;12;6;93;OLS
2160;2;5;93;OLS
2161;2;5;93;OLS
2162;2;5;93;OLS
2163;2;5;93;OLS
2164;2;5;93;OLS
2165;2;5;93;OLS
2166;2;5;93;OLS
2167;2;5;93;OLS
2168;2;5;93;OLS
2169;2;5;93;OLS
2170;2;5;93;OLS
2171;2;5;93;OLS
2172;2;5;93;OLS
2173;2;5;93;OLS
2174;2;5;93;OLS
2175;2;5;93;OLS
2176;2;5;93;OLS
2177;2;5;93;OLS
2178;2;5;93;OLS
2179;2;5;93;OLS
2180;2;5;93;OLS
2181;2;5;93;OLS
2182;2;5;93;OLS
2183;2;5;93;OLS
2184;2;5;93;OLS
2185;2;5;93;OLS
2186;2;5;93;OLS
2187;2;5;93;OLS
2188;2;5;93;OLS
2189;2;5;93;OLS
2190;2;5;93;OLS
2191;2;5;93;OLS
2192;2;5;93;OLS
2193;2;5;93;OLS
2194;2;5;93;OLS
2195;11;6;93;KID
2196;11;6;93;KID
2197;11;6;93;KID
2198;11;6;93;KID
2199;11;6;93;KID
2200;11;6;93;KID
2201;11;6;93;KID
2202;11;6;93;KID
2203;11;6;93;KID
2204;11;6;93;KID
2205;11;6;93;KID
2206;11;6;93;KID
2207;11;6;93;KID
2208;11;6;93;KID
2209;11;6;93;KID
2210;11;6;93;KID
2211;11;6;93;KID
2212;11;6;93;KID
2213;11;6;93;KID
2214;11;6;93;KID
2215;11;6;93;KID
2216;11;6;93;KID
2217;11;6;93;KID
2218;15;9;93;HOV
2219;15;9;93;HOV
2220;15;9;93;HOV
2221;15;9;93;HOV
2222;15;9;93;HOV
2223;15;9;93;HOV
2224;15;9;93;HOV
2225;15;9;93;HOV
2226;15;9;93;HOV
2227;15;9;93;HOV
2228;15;9;93;HOV
2229;15;9;93;HOV
2230;15;9;93;HOV
2231;30;6;93;HOV
2232;30;6;93;HOV
2233;30;6;93;HOV
2234;30;6;93;HOV
2235;30;6;93;HOV
2236;30;6;93;HOV
2237;30;6;93;HOV
2238;30;6;93;HOV
2239;30;6;93;HOV
2240;30;6;93;HOV
2241;30;6;93;HOV
2242;30;6;93;HOV
2243;30;6;93;HOV
2244;30;6;93;HOV
2245;30;6;93;HOV
2246;30;6;93;HOV
2247;30;6;93;HOV
2248;30;6;93;HOV
2249;30;6;93;HOV
2250;30;6;93;HOV
2251;30;6;93;HOV
2252;30;6;93;HOV
2253;30;6;93;HOV
2254;30;6;93;HOV
2255;30;6;93;HOV
2256;30;6;93;HOV
2257;30;6;93;HOV
2258;30;6;93;HOV
2259;30;6;93;HOV
2260;30;6;93;HOV
2261;30;6;93;HOV
2262;30;6;93;HOV
2263;30;6;93;HOV
2264;30;6;93;HOV
2265;15;7;93;TOF
2266;15;7;93;TOF
2267;15;7;93;TOF
2268;15;7;93;TOF
2269;15;7;93;TOF
2270;15;7;93;TOF
2271;15;7;93;TOF
2272;15;7;93;TOF
2273;15;7;93;TOF
2274;15;7;93;TOF
2275;15;7;93;TOF
2276;15;7;93;TOF
2277;15;7;93;TOF
2278;15;7;93;TOF
2279;15;7;93;TOF
2280;15;7;93;TOF
2281;15;7;93;TOF
2282;15;7;93;TOF
2283;15;7;93;TOF
2284;15;7;93;TOF
2285;15;7;93;TOF
2286;15;7;93;TOF
2287;15;7;93;TOF
2288;15;7;93;TOF
2289;15;7;93;TOF
2290;15;7;93;TOF
2291;15;7;93;TOF
2292;15;7;93;TOF
2293;15;7;93;TOF
2294;15;7;93;TOF
2295;15;7;93;TOF
2296;15;7;93;TOF
2297;15;7;93;TOF
2298;15;7;93;TOF
2299;15;7;93;TOF
2300;15;7;93;TOF
2301;15;7;93;TOF
2302;15;7;93;TOF
2303;15;7;93;TOF
2304;15;7;93;TOF
2305;15;7;93;TOF
2306;15;7;93;TOF
2307;15;7;93;TOF
2308;15;7;93;TOF
2309;15;7;93;TOF
2310;15;7;93;TOF
2311;15;7;93;TOF
2312;15;7;93;TOF
2313;15;7;93;TOF
2314;15;7;93;TOF
2315;15;7;93;TOF
2316;15;7;93;TOF
2317;15;7;93;TOF
2318;15;7;93;TOF
2319;15;7;93;TOF
2320;15;7;93;TOF
2321;15;7;93;TOF
2322;17;6;93;TOF
2323;17;6;93;TOF
2324;17;6;93;TOF
2325;17;6;93;TOF
2326;17;6;93;TOF
2327;17;6;93;TOF
2328;17;6;93;TOF
2329;17;6;93;TOF
2330;17;6;93;TOF
2331;17;6;93;TOF
2332;17;6;93;TOF
2333;17;6;93;TOF
2334;17;6;93;TOF
2335;17;6;93;TOF
2336;17;6;93;TOF
2337;17;6;93;TOF
2338;17;6;93;TOF
2339;17;6;93;TOF
2340;17;6;93;TOF
2341;17;6;93;TOF
2342;17;6;93;TOF
2343;17;6;93;TOF
2344;17;6;93;TOF
2345;17;6;93;TOF
2346;17;6;93;TOF
2347;17;6;93;TOF
2348;17;6;93;TOF
2349;17;6;93;TOF
2350;17;6;93;TOF
2351;17;6;93;TOF
2352;17;6;93;TOF
2353;17;6;93;TOF
2354;17;6;93;TOF
2355;17;6;93;TOF
2356;17;6;93;TOF
2357;17;6;93;TOF
2358;17;6;93;TOF
2359;17;6;93;TOF
2360;17;6;93;TOF
2361;17;6;93;TOF
2362;17;6;93;TOF
2363;17;6;93;TOF
2364;19;9;92;TOF
2365;19;9;92;TOF
2366;19;9;92;TOF
2367;19;9;92;TOF
2368;19;9;92;TOF
2369;19;9;92;TOF
2370;19;9;92;TOF
2371;19;9;92;TOF
2372;19;9;92;TOF
2373;19;9;92;TOF
2374;19;9;92;TOF
2375;19;9;92;TOF
2376;19;9;92;TOF
2377;19;9;92;TOF
2378;19;9;92;TOF
2379;19;9;92;TOF
2380;16;7;93;MEL
2381;16;7;93;MEL
2382;16;7;93;MEL
2383;16;7;93;MEL
2384;16;7;93;MEL
2385;16;7;93;MEL
2386;16;7;93;MEL
2387;16;7;93;MEL
2388;16;7;93;MEL
2389;16;7;93;MEL
2390;16;7;93;MEL
2391;16;7;93;MEL
2392;16;7;93;MEL
2393;16;7;93;MEL
2394;16;7;93;MEL
2395;16;7;93;MEL
2396;16;7;93;MEL
2397;16;7;93;MEL
2398;16;7;93;MEL
2399;16;7;93;MEL
2400;16;7;93;MEL
2401;16;7;93;MEL
2402;16;7;93;MEL
2403;16;7;93;MEL
2404;16;7;93;MEL
2405;16;7;93;MEL
2406;16;7;93;MEL
2407;16;7;93;MEL
2408;16;7;93;MEL
2409;25;6;93;MEL
2410;25;6;93;MEL
2411;25;6;93;MEL
2412;25;6;93;MEL
2413;25;6;93;MEL
2414;25;6;93;MEL
2415;25;6;93;MEL
2416;25;6;93;MEL
2417;25;6;93;MEL
2418;25;6;93;MEL
2419;25;6;93;MEL
2420;25;6;93;MEL
2421;25;6;93;MEL
2422;25;6;93;MEL
2423;25;6;93;MEL
2424;25;6;93;MEL
2425;25;6;93;MEL
2426;25;6;93;MEL
2427;25;6;93;MEL
2428;25;6;93;MEL
2429;25;6;93;MEL
2430;25;6;93;MEL
2431;25;6;93;MEL
2432;25;6;93;MEL
2433;25;6;93;MEL
2434;25;6;93;MEL
2435;25;6;93;MEL
2436;25;6;93;MEL
2437;25;6;93;MEL
2438;25;6;93;MEL
2439;25;6;93;MEL
2440;25;6;93;MEL
2441;25;6;93;MEL
2442;25;6;93;MEL
2443;25;6;93;MEL
2444;25;6;93;MEL
2445;25;8;93;VOR
2446;25;8;93;VOR
2447;25;8;93;VOR
2448;25;8;93;VOR
2449;25;8;93;VOR
2450;25;8;93;VOR
2451;25;8;93;VOR
2452;25;8;93;VOR
2453;25;8;93;VOR
2454;25;8;93;VOR
2455;25;8;93;VOR
2456;25;8;93;VOR
2457;25;8;93;VOR
2458;25;8;93;VOR
2459;25;8;93;VOR
2460;25;8;93;VOR
2461;25;8;93;VOR
2462;17;5;93;VOR
2463;17;5;93;VOR
2464;17;5;93;VOR
2465;17;5;93;VOR
2466;17;5;93;VOR
2467;17;5;93;VOR
2468;17;5;93;VOR
2469;17;5;93;VOR
2470;17;5;93;VOR
2471;17;5;93;VOR
2472;17;5;93;VOR
2473;17;5;93;VOR
2474;17;5;93;VOR
2475;17;5;93;VOR
2476;17;5;93;VOR
2477;17;5;93;VOR
2478;17;5;93;VOR
2479;17;5;93;VOR
2480;17;5;93;VOR
2481;17;5;93;VOR
2482;17;5;93;VOR
2483;17;5;93;VOR
2484;17;5;93;VOR
2485;17;5;93;VOR
2486;17;5;93;VOR
2487;17;5;93;VOR
2488;17;5;93;VOR
2489;17;5;93;VOR
2490;17;5;93;VOR
2491;17;5;93;VOR
2492;17;5;93;VOR
2493;17;5;93;VOR
2494;17;5;93;VOR
2495;17;5;93;VOR
2496;17;5;93;VOR
2497;17;5;93;VOR
2498;17;5;93;VOR
2499;17;5;93;VOR
2500;17;5;93;VOR
2501;17;5;93;VOR
2502;17;5;93;VOR
2503;17;5;93;VOR
2504;17;5;93;VOR
2505;17;5;93;VOR
2506;21;3;93;VOR
2507;21;3;93;VOR
2508;21;3;93;VOR
2509;21;3;93;VOR
2510;21;3;93;VOR
2511;21;3;93;VOR
2512;21;3;93;VOR
2513;21;3;93;VOR
2514;21;3;93;VOR
2515;21;3;93;VOR
2516;21;3;93;VOR
2517;21;3;93;VOR
2518;21;3;93;VOR
2519;21;3;93;VOR
2520;21;3;93;VOR
2521;21;3;93;VOR
2522;21;3;93;VOR
2523;21;3;93;VOR
2524;21;3;93;VOR
2526;21;3;93;VOR
2527;21;3;93;VOR
2528;21;3;93;VOR
2529;21;3;93;VOR
2530;21;3;93;VOR
2531;21;3;93;VOR
2532;21;3;93;VOR
2533;21;3;93;VOR
2534;21;3;93;VOR
2535;21;3;93;VOR
2536;21;3;93;VOR
2537;21;3;93;VOR
2538;21;3;93;VOR
2539;21;3;93;VOR
2540;21;3;93;VOR
2541;21;3;93;VOR
2542;21;3;93;VOR
2543;20;2;93;VOR
2544;20;2;93;VOR
2545;20;2;93;VOR
2546;20;2;93;VOR
2547;20;2;93;VOR
2548;20;2;93;VOR
2549;20;2;93;VOR
2550;20;2;93;VOR
2551;20;2;93;VOR
2552;20;2;93;VOR
2553;20;2;93;VOR
2554;20;2;93;VOR
2555;20;2;93;VOR
2556;20;2;93;VOR
2557;20;2;93;VOR
2558;20;2;93;VOR
2559;20;2;93;VOR
2560;20;2;93;VOR
2561;20;2;93;VOR
2562;20;2;93;VOR
2563;20;2;93;VOR
2564;20;2;93;VOR
2565;20;2;93;VOR
2566;20;2;93;VOR
2567;20;2;93;VOR
2568;20;2;93;VOR
2569;20;2;93;VOR
2570;20;2;93;VOR
2571;20;2;93;VOR
2572;20;2;93;VOR
2573;20;2;93;VOR
2574;20;2;93;VOR
2575;20;2;93;VOR
2576;20;2;93;VOR
2577;20;2;93;VOR
2578;20;2;93;VOR
2579;20;2;93;VOR
2580;20;2;93;VOR
2581;20;2;93;VOR
2582;9;9;92;VOR
2583;9;9;92;VOR
2584;9;9;92;VOR
2585;9;9;92;VOR
2586;9;9;92;VOR
2587;9;9;92;VOR
2588;9;9;92;VOR
2589;9;9;92;VOR
2590;9;9;92;VOR
2591;9;9;92;VOR
2592;9;9;92;VOR
2593;9;9;92;VOR
2594;9;9;92;VOR
2595;9;9;92;VOR
2596;9;9;92;VOR
2597;9;9;92;VOR
2598;9;9;92;VOR
2599;9;9;92;VOR
2600;9;9;92;VOR
2601;9;9;92;VOR
2602;9;9;92;VOR
2603;9;9;92;VOR
2604;9;9;92;VOR
2605;9;9;92;VOR
2606;9;9;92;VOR
2607;9;9;92;VOR
2608;9;9;92;VOR
2609;9;9;92;VOR
2610;9;9;92;VOR
2611;9;9;92;VOR
2612;9;9;92;VOR
2613;9;9;92;VOR
2614;30;4;93;FJA
2615;30;4;93;FJA
2616;30;4;93;FJA
2617;30;4;93;FJA
2618;30;4;93;FJA
2619;30;4;93;FJA
2620;30;4;93;FJA
2621;30;4;93;FJA
2622;30;4;93;FJA
2623;30;4;93;FJA
2624;30;4;93;FJA
2625;30;4;93;FJA
2626;30;4;93;FJA
2627;30;4;93;FJA
2628;30;4;93;FJA
2629;30;4;93;FJA
2630;30;4;93;FJA
2631;30;4;93;FJA
2632;30;4;93;FJA
2633;30;4;93;FJA
2634;30;4;93;FJA
2635;30;4;93;FJA
2636;30;4;93;FJA
2637;30;4;93;FJA
2638;30;4;93;FJA
2639;30;4;93;FJA
2640;30;4;93;FJA
2641;30;4;93;FJA
2642;30;4;93;FJA
2643;30;4;93;FJA
2644;30;4;93;FJA
2645;30;4;93;FJA
2646;30;4;93;FJA
2647;30;4;93;FJA
2648;22;4;93;VOR
2649;22;4;93;VOR
2650;22;4;93;VOR
2651;22;4;93;VOR
2652;22;4;93;VOR
2653;22;4;93;VOR
2654;22;4;93;VOR
2655;22;4;93;VOR
2656;22;4;93;VOR
2657;22;4;93;VOR
2658;22;4;93;VOR
2659;22;4;93;VOR
2660;22;4;93;VOR
2661;22;4;93;VOR
2662;22;4;93;VOR
2663;22;4;93;VOR
2664;22;4;93;VOR
2665;22;4;93;VOR
2666;22;4;93;VOR
2667;22;4;93;VOR
2668;22;4;93;VOR
2669;22;4;93;VOR
2670;22;4;93;VOR
2671;22;4;93;VOR
2672;22;4;93;VOR
2673;22;4;93;VOR
2674;22;4;93;VOR
2675;22;4;93;VOR
2676;22;4;93;VOR
2677;22;4;93;VOR
2678;22;4;93;VOR
2679;22;4;93;VOR
2680;22;4;93;VOR
2681;22;4;93;VOR
2682;22;4;93;VOR
2683;22;4;93;VOR
2684;22;4;93;VOR
2685;22;4;93;VOR
2686;2;5;93;TOF
2687;2;5;93;TOF
2688;2;5;93;TOF
2689;2;5;93;TOF
2690;2;5;93;TOF
2691;2;5;93;TOF
2692;2;5;93;TOF
2693;2;5;93;TOF
2694;2;5;93;TOF
2695;2;5;93;TOF
2696;2;5;93;TOF
2697;2;5;93;TOF
2698;2;5;93;TOF
2699;2;5;93;TOF
2700;2;5;93;TOF
2701;2;5;93;TOF
2702;2;5;93;TOF
2703;2;5;93;TOF
2704;2;5;93;TOF
2705;2;5;93;TOF
2706;2;5;93;TOF
2707;2;5;93;TOF
2708;2;5;93;TOF
2709;2;5;93;TOF
2710;2;5;93;TOF
2711;2;5;93;TOF
2712;2;5;93;TOF
2713;2;5;93;TOF
2714;2;5;93;TOF
2715;2;5;93;TOF
2716;2;5;93;TOF
2717;2;5;93;TOF
2718;2;5;93;TOF
2719;2;5;93;TOF
2720;2;5;93;TOF
2721;2;5;93;TOF
2722;10;3;94;OLS
2723;10;3;94;OLS
2724;10;3;94;OLS
2725;10;3;94;OLS
2726;10;3;94;OLS
2727;10;3;94;OLS
2728;10;3;94;OLS
2729;10;3;94;OLS
2730;10;3;94;OLS
2731;10;3;94;OLS
2732;10;3;94;OLS
2733;10;3;94;OLS
2734;10;3;94;OLS
2735;10;3;94;OLS
2736;10;3;94;OLS
2737;10;3;94;OLS
2738;10;3;94;OLS
2739;10;3;94;OLS
2740;10;3;94;OLS
2741;10;3;94;OLS
2742;10;3;94;OLS
2743;10;3;94;OLS
2744;10;3;94;OLS
2745;10;3;94;OLS
2746;10;3;94;OLS
2747;10;3;94;OLS
2748;10;3;94;OLS
2749;10;3;94;OLS
2750;10;3;94;OLS
2751;10;3;94;OLS
2752;10;3;94;OLS
2753;10;3;94;OLS
2754;10;3;94;OLS
2755;10;3;94;OLS
2756;10;3;94;OLS
2757;22;7;93;FJA
2758;22;7;93;FJA
2759;22;7;93;FJA
2760;22;7;93;FJA
2761;22;7;93;FJA
2762;22;7;93;FJA
2763;22;7;93;FJA
2764;22;7;93;FJA
2765;22;7;93;FJA
2766;22;7;93;FJA
2767;22;7;93;FJA
2768;22;7;93;FJA
2769;22;7;93;FJA
2770;22;7;93;FJA
2771;22;7;93;FJA
2772;22;7;93;FJA
2773;22;7;93;FJA
2774;22;7;93;FJA
2775;22;7;93;FJA
2776;22;7;93;FJA
2777;22;7;93;FJA
2778;22;7;93;FJA
2779;22;7;93;FJA
2781;22;7;93;FJA
2782;22;7;93;FJA
2783;22;7;93;FJA
2784;22;7;93;FJA
2785;22;7;93;FJA
2786;22;7;93;FJA
2787;22;7;93;FJA
2788;22;7;93;FJA
2789;22;7;93;FJA
2790;22;7;93;FJA
2791;22;7;93;FJA
2792;22;7;93;FJA
2793;22;6;93;VOR
2794;22;6;93;VOR
2795;22;6;93;VOR
2796;22;6;93;VOR
2797;22;6;93;VOR
2798;22;6;93;VOR
2799;22;6;93;VOR
2800;22;6;93;VOR
2801;22;6;93;VOR
2802;22;6;93;VOR
2803;22;6;93;VOR
2804;22;6;93;VOR
2805;22;6;93;VOR
2806;22;6;93;VOR
2808;22;6;93;VOR
2809;22;6;93;VOR
2810;22;6;93;VOR
2811;22;6;93;VOR
2812;22;6;93;VOR
2813;22;6;93;VOR
2814;22;6;93;VOR
2815;22;6;93;VOR
2816;22;6;93;VOR
2817;22;6;93;VOR
2818;22;6;93;VOR
2819;22;6;93;VOR
2820;22;6;93;VOR
2821;22;6;93;VOR
2822;22;6;93;VOR
2823;22;6;93;VOR
2824;22;6;93;VOR
2825;22;6;93;VOR
2826;22;6;93;VOR
2827;22;6;93;VOR
2828;22;6;93;VOR
2829;22;6;93;VOR
2830;22;6;93;VOR
2831;22;6;93;VOR
2832;22;6;93;VOR
2833;22;6;93;VOR
2834;22;6;93;VOR
2835;22;6;93;VOR
2836;22;6;93;VOR
2837;22;6;93;VOR
2838;22;6;93;VOR
2839;22;7;93;VOR
2840;22;7;93;VOR
2841;22;7;93;VOR
2842;22;7;93;VOR
2843;22;7;93;VOR
2844;22;7;93;VOR
2845;22;7;93;VOR
2846;22;7;93;VOR
2847;22;7;93;VOR
2848;22;7;93;VOR
2849;22;7;93;VOR
2850;22;7;93;VOR
2851;22;7;93;VOR
2852;22;7;93;VOR
2853;22;7;93;VOR
2854;22;7;93;VOR
2855;22;7;93;VOR
2856;22;7;93;VOR
2857;22;7;93;VOR
2858;22;7;93;VOR
2859;22;7;93;VOR
2860;22;7;93;VOR
2861;22;7;93;VOR
2862;22;7;93;VOR
2863;22;7;93;VOR
2864;22;7;93;VOR
2865;22;7;93;VOR
2866;22;7;93;VOR
2867;22;7;93;VOR
2868;10;7;93;BR
2869;10;7;93;BR
2870;10;7;93;BR
2871;10;7;93;BR
2872;10;7;93;BR
2873;10;7;93;BR
2874;10;7;93;BR
2875;10;7;93;BR
2876;10;7;93;BR
2877;10;7;93;BR
2878;10;7;93;BR
2879;10;7;93;BR
2880;10;7;93;BR
2881;10;7;93;BR
2882;10;7;93;BR
2883;10;7;93;BR
2884;10;7;93;BR
2885;10;7;93;BR
2886;10;7;93;BR
2887;10;7;93;BR
2888;10;7;93;BR
2889;10;7;93;BR
2890;10;7;93;BR
2891;10;7;93;BR
2892;10;7;93;BR
2893;10;7;93;BR
2894;10;7;93;BR
2895;10;7;93;BR
2896;10;7;93;BR
2897;10;7;93;BR
2898;10;7;93;BR
2899;10;7;93;BR
2900;10;7;93;BR
2901;10;7;93;BR
2902;10;7;93;BR
2903;10;7;93;ORM
2904;10;7;93;ORM
2905;10;7;93;ORM
2906;10;7;93;ORM
2907;10;7;93;ORM
2908;10;7;93;ORM
2909;10;7;93;ORM
2910;10;7;93;ORM
2911;10;7;93;ORM
2912;10;7;93;ORM
2913;10;7;93;ORM
2914;10;7;93;ORM
2915;10;7;93;ORM
2916;10;7;93;ORM
2917;10;7;93;ORM
2918;10;7;93;ORM
2919;10;7;93;ORM
2920;10;7;93;ORM
2921;10;7;93;ORM
2922;10;7;93;ORM
2923;10;7;93;ORM
2924;10;7;93;ORM
2925;10;7;93;ORM
2926;10;7;93;ORM
2927;10;7;93;ORM
2928;10;7;93;ORM
2929;10;7;93;ORM
2930;10;7;93;ORM
2931;10;7;93;ORM
2932;10;7;93;ORM
2933;10;7;93;ORM
2934;10;7;93;ORM
2935;10;7;93;ORM
2936;10;7;93;ORM
2937;10;7;93;ORM
2938;13;8;93;MEL
2939;13;8;93;MEL
2940;13;8;93;MEL
2941;13;8;93;MEL
2942;13;8;93;MEL
2943;13;8;93;MEL
2944;13;8;93;MEL
2945;13;8;93;MEL
2946;13;8;93;MEL
2947;13;8;93;MEL
2948;13;8;93;MEL
2949;13;8;93;MEL
2950;13;8;93;MEL
2951;13;8;93;MEL
2952;13;8;93;MEL
2953;13;8;93;MEL
2954;13;8;93;MEL
2955;13;8;93;MEL
2956;13;8;93;MEL
2957;13;8;93;MEL
2958;13;8;93;MEL
2959;13;8;93;MEL
2960;13;8;93;MEL
2961;13;8;93;MEL
2962;13;8;93;MEL
2963;13;8;93;MEL
2964;13;8;93;MEL
2965;13;8;93;MEL
2966;13;8;93;MEL
2967;13;8;93;MEL
2968;13;8;93;MEL
2969;13;8;93;MEL
2970;13;8;93;MEL
2971;13;8;93;MEL
2972;13;8;93;MEL
2973;13;8;93;MEL
2974;12;8;93;OLS
2975;12;8;93;OLS
2976;12;8;93;OLS
2977;12;8;93;OLS
2978;12;8;93;OLS
2979;12;8;93;OLS
2980;12;8;93;OLS
2981;12;8;93;OLS
2982;12;8;93;OLS
2983;12;8;93;OLS
2984;12;8;93;OLS
2985;12;8;93;OLS
2986;12;8;93;OLS
2987;12;8;93;OLS
2988;12;8;93;OLS
2989;12;8;93;OLS
2990;12;8;93;OLS
2991;12;8;93;OLS
2992;12;8;93;OLS
2993;12;8;93;OLS
2994;12;8;93;OLS
2995;12;8;93;OLS
2996;12;8;93;OLS
2997;12;8;93;OLS
2998;12;8;93;OLS
2999;12;8;93;OLS
3000;12;8;93;OLS
3001;12;8;93;OLS
3002;12;8;93;OLS
3003;12;8;93;OLS
3004;12;8;93;OLS
3005;12;8;93;OLS
3006;12;8;93;OLS
3007;12;8;93;OLS
3008;12;8;93;OLS
3009;12;8;93;OLS
3010;12;8;93;OLS
3011;12;8;93;FJA
3012;12;8;93;FJA
3013;12;8;93;FJA
3014;12;8;93;FJA
3015;12;8;93;FJA
3016;12;8;93;FJA
3017;12;8;93;FJA
3018;12;8;93;FJA
3019;12;8;93;FJA
3020;12;8;93;FJA
3021;12;8;93;FJA
3022;12;8;93;FJA
3023;12;8;93;FJA
3024;12;8;93;FJA
3025;12;8;93;FJA
3026;12;8;93;FJA
3027;12;8;93;FJA
3028;12;8;93;FJA
3029;12;8;93;FJA
3030;12;8;93;FJA
3031;12;8;93;FJA
3032;12;8;93;FJA
3033;12;8;93;FJA
3034;12;8;93;FJA
3035;12;8;93;FJA
3036;12;8;93;FJA
3037;12;8;93;FJA
3038;12;8;93;FJA
3039;12;8;93;FJA
3040;12;8;93;FJA
3041;12;8;93;FJA
3042;12;8;93;FJA
3043;12;8;93;FJA
3044;12;8;93;FJA
3045;12;8;93;FJA
3046;12;8;93;FJA
3047;12;8;93;FJA
3048;12;8;93;FJA
3049;12;8;93;FJA
3050;12;8;93;FJA
3051;28;5;93;BOG
3052;28;5;93;BOG
3053;28;5;93;BOG
3054;28;5;93;BOG
3055;28;5;93;BOG
3056;28;5;93;BOG
3057;28;5;93;BOG
3058;28;5;93;BOG
3059;28;5;93;BOG
3060;28;5;93;BOG
3061;28;5;93;BOG
3062;28;5;93;BOG
3063;28;5;93;BOG
3064;28;5;93;BOG
3065;28;5;93;BOG
3066;28;5;93;BOG
3067;28;5;93;BOG
3068;28;5;93;BOG
3069;28;5;93;BOG
3070;28;5;93;BOG
3071;28;5;93;BOG
3072;28;5;93;BOG
3073;28;5;93;BOG
3074;28;5;93;BOG
3075;28;5;93;BOG
3076;28;5;93;BOG
3077;28;5;93;BOG
3078;28;5;93;BOG
3079;28;5;93;BOG
3080;28;5;93;BOG
3081;28;5;93;BOG
3082;28;5;93;BOG
3083;28;5;93;BOG
3084;26;6;93;BOG
3085;26;6;93;BOG
3086;26;6;93;BOG
3087;26;6;93;BOG
3088;26;6;93;BOG
3089;26;6;93;BOG
3090;26;6;93;BOG
3091;26;6;93;BOG
3092;26;6;93;BOG
3093;26;6;93;BOG
3094;26;6;93;BOG
3095;26;6;93;BOG
3096;26;6;93;BOG
3097;26;6;93;BOG
3098;26;6;93;BOG
3099;26;6;93;BOG
4000;26;6;93;BOG
4001;26;6;93;BOG
4002;26;6;93;BOG
4003;26;6;93;BOG
4004;26;6;93;BOG
4005;26;6;93;BOG
4006;26;6;93;BOG
4007;26;6;93;BOG
4008;26;6;93;BOG
4009;26;6;93;BOG
4010;26;6;93;BOG
4011;26;6;93;BOG
4012;26;6;93;BOG
4013;26;6;93;BOG
4014;26;6;93;BOG
4015;29;7;93;BOG
4016;29;7;93;BOG
4017;29;7;93;BOG
4018;29;7;93;BOG
4019;29;7;93;BOG
4020;29;7;93;BOG
4021;29;7;93;BOG
4022;29;7;93;BOG
4023;29;7;93;BOG
4024;29;7;93;BOG
4025;29;7;93;BOG
4026;29;7;93;BOG
4027;29;7;93;BOG
4028;29;7;93;BOG
4029;29;7;93;BOG
4030;29;7;93;BOG
4031;29;7;93;BOG
4032;29;7;93;BOG
4033;29;7;93;BOG
4034;29;7;93;BOG
4035;29;7;93;BOG
4036;29;7;93;BOG
4037;29;7;93;BOG
4038;29;7;93;BOG
4039;29;7;93;BOG
4040;29;7;93;BOG
4041;29;7;93;BOG
4042;29;7;93;BOG
4043;29;7;93;BOG
4044;29;7;93;BOG
4045;29;7;93;BOG
4046;29;7;93;BOG
4047;29;7;93;BOG
4048;29;7;93;BOG
4049;29;7;93;BOG
4050;29;7;93;BOG
4051;26;9;92;BOG
4052;26;9;92;BOG
4053;26;9;92;BOG
4054;26;9;92;BOG
4055;26;9;92;BOG
4056;26;9;92;BOG
4057;26;9;92;BOG
4058;26;9;92;BOG
4059;26;9;92;BOG
4060;26;9;92;BOG
4061;26;9;92;BOG
4062;26;9;92;BOG
4063;26;9;92;BOG
4064;26;9;92;BOG
4065;26;9;92;BOG
4066;26;9;92;BOG
4067;26;9;92;BOG
4068;26;9;92;BOG
4069;26;9;92;BOG
4070;26;9;92;BOG
4071;26;9;92;BOG
4072;26;9;92;BOG
4073;26;9;92;BOG
4074;26;9;92;BOG
4075;26;9;92;BOG
4076;26;9;92;BOG
4077;26;9;92;BOG
4078;26;9;92;BOG
4079;26;9;92;BOG
4080;26;9;92;BOG
4081;26;9;92;BOG
4082;26;9;92;BOG
4083;26;9;92;BOG
4084;26;9;92;BOG
4085;26;9;92;BOG
4086;26;9;92;BOG
4087;26;9;92;BOG
4088;17;3;94;BOG
4089;17;3;94;BOG
4090;17;3;94;BOG
4091;17;3;94;BOG
4092;17;3;94;BOG
4093;17;3;94;BOG
4094;17;3;94;BOG
4095;17;3;94;BOG
4096;17;3;94;BOG
4097;17;3;94;BOG
4098;17;3;94;BOG
4099;17;3;94;BOG
4100;17;3;94;BOG
4101;17;3;94;BOG
4102;17;3;94;BOG
4103;17;3;94;BOG
4104;17;3;94;BOG
4105;17;3;94;BOG
4106;17;3;94;BOG
4107;17;3;94;BOG
4108;17;3;94;BOG
4109;17;3;94;BOG
4110;17;3;94;BOG
4111;17;3;94;BOG
4112;17;3;94;BOG
4113;17;3;94;BOG
4114;17;3;94;BOG
4115;19;4;94;BOG
4116;19;4;94;BOG
4117;19;4;94;BOG
4118;19;4;94;BOG
4119;19;4;94;BOG
4120;19;4;94;BOG
4121;19;4;94;BOG
4122;19;4;94;BOG
4123;19;4;94;BOG
4124;19;4;94;BOG
4125;19;4;94;BOG
4126;19;4;94;BOG
4127;19;4;94;BOG
4128;19;4;94;BOG
4129;19;4;94;BOG
4130;19;4;94;BOG
4131;19;4;94;BOG
4132;19;4;94;BOG
4133;19;4;94;BOG
4134;19;4;94;BOG
4135;19;4;94;BOG
4136;19;4;94;BOG
4137;19;4;94;BOG
4138;19;4;94;BOG
4139;19;4;94;BOG
4140;19;4;94;BOG
4141;19;4;94;BOG
4142;19;4;94;BOG
4143;19;4;94;BOG
4144;19;4;94;BOG
4145;19;4;94;BOG
4146;19;4;94;BOG
4147;19;4;94;BOG
4148;19;4;94;BOG
4149;19;4;94;BOG
4150;19;4;94;BOG
4151;19;4;94;BOG
4152;19;4;94;BOG
4153;19;4;94;BOG
4154;19;4;94;BOG
4155;19;4;94;BOG
4156;19;4;94;BOG
4157;19;5;94;BOG
4158;19;5;94;BOG
4159;19;5;94;BOG
4160;19;5;94;BOG
4161;19;5;94;BOG
4162;19;5;94;BOG
4163;19;5;94;BOG
4164;19;5;94;BOG
4165;19;5;94;BOG
4166;19;5;94;BOG
4167;19;5;94;BOG
4168;19;5;94;BOG
4169;19;5;94;BOG
4170;19;5;94;BOG
4171;19;5;94;BOG
4172;19;5;94;BOG
4173;19;5;94;BOG
4174;19;5;94;BOG
4175;19;5;94;BOG
4176;19;5;94;BOG
4177;19;5;94;BOG
4178;19;5;94;BOG
4179;19;5;94;BOG
4180;19;5;94;BOG
4181;19;5;94;BOG
4182;19;5;94;BOG
4183;19;5;94;BOG
4184;19;5;94;BOG
4185;19;5;94;BOG
4186;19;5;94;BOG
4187;19;5;94;BOG
4188;19;5;94;BOG
4189;19;5;94;BOG
4190;19;5;94;BOG
4191;19;5;94;BOG
4192;25;7;94;BOG
4193;25;7;94;BOG
4194;25;7;94;BOG
4195;25;7;94;BOG
4196;25;7;94;BOG
4197;25;7;94;BOG
4198;25;7;94;BOG
4199;25;7;94;BOG
4200;25;7;94;BOG
4201;25;7;94;BOG
4202;25;7;94;BOG
4203;25;7;94;BOG
4204;25;7;94;BOG
4205;25;7;94;BOG
4206;25;7;94;BOG
4207;25;7;94;BOG
4208;25;7;94;BOG
4209;25;7;94;BOG
4210;25;7;94;BOG
4211;25;7;94;BOG
4212;25;7;94;BOG
4213;25;7;94;BOG
4214;25;7;94;BOG
4215;25;7;94;BOG
4216;25;7;94;BOG
4217;25;7;94;BOG
4218;25;7;94;BOG
4219;25;7;94;BOG
4220;25;7;94;BOG
4221;25;7;94;BOG
4222;25;7;94;BOG
4223;25;7;94;BOG
4224;25;7;94;BOG
4225;25;7;94;BOG
4226;25;7;94;BOG
4227;25;7;94;BOG
4228;25;7;94;BOG
4229;25;7;94;BOG
4230;25;7;94;BOG
4231;30;9;92;ORM
4232;30;9;92;ORM
4233;30;9;92;ORM
4234;30;9;92;ORM
4235;30;9;92;ORM
4236;30;9;92;ORM
4237;30;9;92;ORM
4238;30;9;92;ORM
4239;30;9;92;ORM
4240;30;9;92;ORM
4241;30;9;92;ORM
4242;30;9;92;ORM
4243;30;9;92;ORM
4244;30;9;92;ORM
4245;30;9;92;ORM
4246;30;9;92;ORM
4247;30;9;92;ORM
4248;30;9;92;ORM
4249;30;9;92;ORM
4250;30;9;92;ORM
4251;30;9;92;ORM
4252;30;9;92;ORM
4253;30;9;92;ORM
4254;30;9;92;ORM
4255;30;9;92;ORM
4256;30;9;92;ORM
4257;30;9;92;ORM
4258;30;9;92;ORM
4259;30;9;92;ORM
4260;30;9;92;ORM
4261;30;9;92;ORM
4262;30;9;92;ORM
4263;30;9;92;ORM
4264;30;9;92;ORM
4265;30;9;92;ORM
4266;30;9;92;ORM
4267;30;9;92;ORM
4268;30;9;92;ORM
4269;30;9;92;ORM
4270;30;9;92;ORM
4271;30;9;92;ORM
4272;30;9;92;ORM
4273;30;9;92;ORM
4274;30;9;92;ORM
4275;30;9;92;ORM
4276;30;9;92;ORM
4277;30;9;92;ORM
4278;30;9;92;ORM
4279;22;9;92;BR
4280;22;9;92;BR
4281;22;9;92;BR
4282;22;9;92;BR
4283;22;9;92;BR
4284;22;9;92;BR
4285;22;9;92;BR
4286;22;9;92;BR
4287;22;9;92;BR
4288;22;9;92;BR
4289;22;9;92;BR
4290;22;9;92;BR
4291;22;9;92;BR
4292;22;9;92;BR
4293;22;9;92;BR
4294;22;9;92;BR
4295;22;9;92;BR
4296;22;9;92;BR
4297;22;9;92;BR
4298;22;9;92;BR
4299;22;9;92;BR
4300;22;9;92;BR
4301;22;9;92;BR
4302;22;9;92;BR
4303;22;9;92;BR
4304;22;9;92;BR
4305;22;9;92;BR
4306;22;9;92;BR
4307;22;9;92;BR
4308;22;9;92;BR
4309;22;9;92;BR
4310;22;9;92;BR
4311;22;9;92;BR
4312;22;9;92;BR
4313;22;9;92;BR
4314;22;9;92;BR
4315;22;9;92;BR
4316;22;9;92;BR
4317;22;9;92;BR
4318;22;9;92;BR
4319;22;9;92;BR
4320;22;9;92;BR
4321;22;9;92;BR
4322;13;5;94;MAR
4323;13;5;94;MAR
4324;13;5;94;MAR
4325;13;5;94;MAR
4326;13;5;94;MAR
4327;13;5;94;MAR
4328;13;5;94;MAR
4329;13;5;94;MAR
4330;13;5;94;MAR
4331;13;5;94;MAR
4332;13;5;94;MAR
4333;13;5;94;MAR
4334;13;5;94;MAR
4335;13;5;94;MAR
4336;13;5;94;MAR
4337;13;5;94;MAR
4338;13;5;94;MAR
4339;13;5;94;MAR
4340;13;5;94;MAR
4341;13;5;94;MAR
4342;13;5;94;MAR
4343;13;5;94;MAR
4344;13;5;94;MAR
4345;13;5;94;MAR
4346;13;5;94;MAR
4347;13;5;94;MAR
4348;13;5;94;MAR
4349;13;5;94;MAR
4350;13;5;94;MAR
4351;13;5;94;MAR
4352;13;5;94;MAR
4353;13;5;94;MAR
4354;13;5;94;MAR
4355;13;5;94;MAR
4356;13;5;94;MAR
4357;25;3;94;BR
4358;25;3;94;BR
4359;25;3;94;BR
4360;25;3;94;BR
4361;25;3;94;BR
4362;25;3;94;BR
4363;25;3;94;BR
4364;25;3;94;BR
4365;25;3;94;BR
4366;25;3;94;BR
4367;25;3;94;BR
4368;25;3;94;BR
4369;25;3;94;BR
4370;25;3;94;BR
4371;25;3;94;BR
4372;25;3;94;BR
4373;25;3;94;BR
4374;25;3;94;BR
4375;25;3;94;BR
4376;25;3;94;BR
4377;25;3;94;BR
4378;25;3;94;BR
4379;25;3;94;BR
4380;25;3;94;BR
4381;25;3;94;BR
4382;25;3;94;BR
4383;25;3;94;BR
4384;25;3;94;BR
4385;25;3;94;BR
4386;25;3;94;BR
4387;25;3;94;BR
4388;25;3;94;BR
4389;25;3;94;BR
4390;25;3;94;BR
4391;25;3;94;BR
4392;17;3;94;ORM
4393;17;3;94;ORM
4394;17;3;94;ORM
4395;17;3;94;ORM
4396;17;3;94;ORM
4397;17;3;94;ORM
4398;17;3;94;ORM
4399;17;3;94;ORM
4400;17;3;94;ORM
4401;17;3;94;ORM
4402;17;3;94;ORM
4403;17;3;94;ORM
4404;17;3;94;ORM
4405;17;3;94;ORM
4406;17;3;94;ORM
4407;17;3;94;ORM
4408;17;3;94;ORM
4409;17;3;94;ORM
4410;17;3;94;ORM
4411;17;3;94;ORM
4412;17;3;94;ORM
4413;17;3;94;ORM
4414;17;3;94;ORM
4415;17;3;94;ORM
4416;17;3;94;ORM
4417;17;3;94;ORM
4418;17;3;94;ORM
4419;17;3;94;ORM
4420;17;3;94;ORM
4421;17;3;94;ORM
4422;17;3;94;ORM
4423;17;3;94;ORM
4424;17;3;94;ORM
4425;17;3;94;ORM
4426;17;3;94;ORM
4427;2;4;94;TOF
4428;2;4;94;TOF
4429;2;4;94;TOF
4430;2;4;94;TOF
4431;2;4;94;TOF
4432;2;4;94;TOF
4433;2;4;94;TOF
4434;2;4;94;TOF
4435;2;4;94;TOF
4436;2;4;94;TOF
4437;2;4;94;TOF
4438;2;4;94;TOF
4439;2;4;94;TOF
4440;2;4;94;TOF
4441;2;4;94;TOF
4442;2;4;94;TOF
4443;2;4;94;TOF
4444;2;4;94;TOF
4445;2;4;94;TOF
4446;2;4;94;TOF
4447;2;4;94;TOF
4448;2;4;94;TOF
4449;2;4;94;TOF
4450;2;4;94;TOF
4451;2;4;94;TOF
4452;2;4;94;TOF
4453;2;4;94;TOF
4454;2;4;94;TOF
4455;2;4;94;TOF
4456;2;4;94;TOF
4457;2;4;94;TOF
4458;2;4;94;TOF
4459;2;4;94;TOF
4460;2;4;94;TOF
4461;2;4;94;TOF
4462;2;4;94;TOF
4463;2;4;94;TOF
4464;2;4;94;TOF
4465;2;4;94;TOF
4466;2;4;94;TOF
4467;2;4;94;TOF
4468;2;4;94;TOF
4469;2;4;94;TOF
4470;19;5;94;OLS
4471;19;5;94;OLS
4472;19;5;94;OLS
4473;19;5;94;OLS
4474;19;5;94;OLS
4475;19;5;94;OLS
4476;19;5;94;OLS
4477;19;5;94;OLS
4478;19;5;94;OLS
4479;19;5;94;OLS
4480;19;5;94;OLS
4481;19;5;94;OLS
4482;19;5;94;OLS
4483;19;5;94;OLS
4484;19;5;94;OLS
4485;19;5;94;OLS
4486;19;5;94;OLS
4487;19;5;94;OLS
4488;19;5;94;OLS
4489;19;5;94;OLS
4490;19;5;94;OLS
4491;19;5;94;OLS
4492;19;5;94;OLS
4493;19;5;94;OLS
4494;19;5;94;OLS
4495;19;5;94;OLS
4496;19;5;94;OLS
4497;19;5;94;OLS
4498;19;5;94;OLS
4499;19;5;94;OLS
4500;19;5;94;OLS
4501;19;5;94;OLS
4502;19;5;94;OLS
4503;19;5;94;OLS
4504;19;5;94;OLS
4505;19;5;94;OLS
4506;19;5;94;OLS
4507;19;5;94;OLS
4508;11;6;94;VOR
4509;11;6;94;VOR
4510;11;6;94;VOR
4511;11;6;94;VOR
4512;11;6;94;VOR
4513;11;6;94;VOR
4514;11;6;94;VOR
4515;11;6;94;VOR
4516;11;6;94;VOR
4517;11;6;94;VOR
4518;11;6;94;VOR
4519;11;6;94;VOR
4520;11;6;94;VOR
4521;11;6;94;VOR
4522;11;6;94;VOR
4523;11;6;94;VOR
4524;11;6;94;VOR
4525;11;6;94;VOR
4526;11;6;94;VOR
4527;11;6;94;VOR
4528;11;6;94;VOR
4529;11;6;94;VOR
4530;11;6;94;VOR
4531;11;6;94;VOR
4532;11;6;94;VOR
4533;11;6;94;VOR
4534;11;6;94;VOR
4535;11;6;94;VOR
4536;11;6;94;VOR
4537;11;6;94;VOR
4538;11;6;94;VOR
4539;11;6;94;VOR
4540;11;6;94;VOR
4541;11;6;94;VOR
4542;11;6;94;VOR
4543;25;5;94;MEL
4544;25;5;94;MEL
4545;25;5;94;MEL
4546;25;5;94;MEL
4547;25;5;94;MEL
4548;25;5;94;MEL
4549;25;5;94;MEL
4550;25;5;94;MEL
4551;25;5;94;MEL
4552;25;5;94;MEL
4553;25;5;94;MEL
4554;25;5;94;MEL
4555;25;5;94;MEL
4556;25;5;94;MEL
4557;25;5;94;MEL
4558;25;5;94;MEL
4559;25;5;94;MEL
4560;25;5;94;MEL
4561;25;5;94;MEL
4562;25;5;94;MEL
4563;25;5;94;MEL
4564;25;5;94;MEL
4565;25;5;94;MEL
4566;25;5;94;MEL
4567;25;5;94;MEL
4568;25;5;94;MEL
4569;25;5;94;MEL
4570;25;5;94;MEL
4571;25;5;94;MEL
4572;25;5;94;MEL
4573;25;5;94;MEL
4574;25;5;94;MEL
4575;25;5;94;MEL
4576;25;5;94;MEL
4577;25;5;94;MEL
4578;25;5;94;MEL
4579;16;6;94;RSA
4580;16;6;94;RSA
4581;16;6;94;RSA
4582;16;6;94;RSA
4583;16;6;94;RSA
4584;16;6;94;RSA
4585;16;6;94;RSA
4586;16;6;94;RSA
4587;16;6;94;RSA
4588;16;6;94;RSA
4589;16;6;94;RSA
4590;16;6;94;RSA
4591;16;6;94;RSA
4592;16;6;94;RSA
4593;16;6;94;RSA
4594;16;6;94;RSA
4595;16;6;94;RSA
4596;16;6;94;RSA
4597;16;6;94;RSA
4598;16;6;94;RSA
4599;16;6;94;RSA
4600;16;6;94;RSA
4601;16;6;94;RSA
4602;16;6;94;RSA
4603;16;6;94;RSA
4604;16;6;94;RSA
4605;16;6;94;RSA
4606;16;6;94;RSA
4607;16;6;94;RSA
4608;16;6;94;RSA
4609;16;6;94;RSA
4610;16;6;94;RSA
4611;16;6;94;RSA
4612;16;6;94;RSA
4613;16;6;94;RSA
4614;16;6;94;RSA
4615;30;3;94;MEL
4616;30;3;94;MEL
4617;30;3;94;MEL
4618;30;3;94;MEL
4619;30;3;94;MEL
4620;30;3;94;MEL
4621;30;3;94;MEL
4622;30;3;94;MEL
4623;30;3;94;MEL
4624;30;3;94;MEL
4625;30;3;94;MEL
4626;30;3;94;MEL
4627;30;3;94;MEL
4628;30;3;94;MEL
4629;30;3;94;MEL
4630;30;3;94;MEL
4631;30;3;94;MEL
4632;30;3;94;MEL
4633;30;3;94;MEL
4634;30;3;94;MEL
4635;30;3;94;MEL
4636;30;3;94;MEL
4637;30;3;94;MEL
4638;30;3;94;MEL
4639;30;3;94;MEL
4640;30;3;94;MEL
4641;30;3;94;MEL
4642;30;3;94;MEL
4643;30;3;94;MEL
4644;30;3;94;MEL
4645;30;3;94;MEL
4646;30;3;94;MEL
4647;30;3;94;MEL
4648;30;3;94;MEL
4649;30;3;94;MEL
4650;30;3;94;MEL
4651;30;3;94;MEL
4652;30;3;94;MEL
4653;30;3;94;MEL
4654;30;3;94;MEL
4655;30;3;94;MEL
4656;30;3;94;MEL
4657;20;8;94;MEL
4658;20;8;94;MEL
4659;20;8;94;MEL
4660;20;8;94;MEL
4661;20;8;94;MEL
4662;20;8;94;MEL
4663;20;8;94;MEL
4664;20;8;94;MEL
4665;20;8;94;MEL
4666;20;8;94;MEL
4667;20;8;94;MEL
4668;20;8;94;MEL
4669;20;8;94;MEL
4670;20;8;94;MEL
4671;20;8;94;MEL
4672;20;8;94;MEL
4673;20;8;94;MEL
4674;20;8;94;MEL
4675;20;8;94;MEL
4676;20;8;94;MEL
4677;20;8;94;MEL
4678;20;8;94;MEL
4679;20;8;94;MEL
4680;20;8;94;MEL
4681;20;8;94;MEL
4682;20;8;94;MEL
4683;20;8;94;MEL
4684;20;8;94;MEL
4685;20;8;94;MEL
4686;20;8;94;MEL
4687;20;8;94;MEL
4688;20;8;94;MEL
4689;20;8;94;MEL
4731;25;3;94;OLS
4732;25;3;94;OLS
4733;25;3;94;OLS
4734;25;3;94;OLS
4735;25;3;94;OLS
4736;25;3;94;OLS
4737;25;3;94;OLS
4738;25;3;94;OLS
4739;25;3;94;OLS
4740;25;3;94;OLS
4741;25;3;94;OLS
4742;25;3;94;OLS
4743;25;3;94;OLS
4744;25;3;94;OLS
4745;25;3;94;OLS
4746;25;3;94;OLS
4747;25;3;94;OLS
4748;25;3;94;OLS
4749;25;3;94;OLS
4750;25;3;94;OLS
4751;25;3;94;OLS
4752;25;3;94;OLS
4753;25;3;94;OLS
4754;25;3;94;OLS
4755;25;3;94;OLS
4756;25;3;94;OLS
4757;25;3;94;OLS
4758;25;3;94;OLS
4759;25;3;94;OLS
4760;25;3;94;OLS
4761;25;3;94;OLS
4762;25;3;94;OLS
4763;25;3;94;OLS
4764;25;3;94;OLS
4765;25;3;94;OLS
4766;25;3;94;OLS
4767;25;3;94;OLS
4768;25;3;94;OLS
4769;25;3;94;OLS
4770;25;3;94;OLS
4771;26;8;94;OLS
4772;26;8;94;OLS
4773;26;8;94;OLS
4774;26;8;94;OLS
4775;26;8;94;OLS
4776;26;8;94;OLS
4777;26;8;94;OLS
4778;26;8;94;OLS
4779;26;8;94;OLS
4780;26;8;94;OLS
4781;26;8;94;OLS
4782;26;8;94;OLS
4783;26;8;94;OLS
4784;26;8;94;OLS
4785;26;8;94;OLS
4786;26;8;94;OLS
4787;26;8;94;OLS
4788;26;8;94;OLS
4789;26;8;94;OLS
4790;26;8;94;OLS
4791;26;8;94;OLS
4792;26;8;94;OLS
4793;26;8;94;OLS
4794;26;8;94;OLS
4795;26;8;94;OLS
4796;26;8;94;OLS
4797;26;8;94;OLS
4798;26;8;94;OLS
4799;26;8;94;OLS
4800;26;8;94;OLS
4801;26;8;94;OLS
4802;26;8;94;OLS
4803;26;8;94;OLS
4804;26;8;94;OLS
4805;26;8;94;OLS
4806;26;8;94;OLS
4807;26;8;94;OLS
4808;26;8;94;OLS
4809;26;8;94;OLS
4810;26;8;94;OLS
4811;30;4;94;MEL
4812;30;4;94;MEL
4813;30;4;94;MEL
4814;30;4;94;MEL
4815;30;4;94;MEL
4816;30;4;94;MEL
4817;30;4;94;MEL
4818;30;4;94;MEL
4819;30;4;94;MEL
4820;30;4;94;MEL
4821;30;4;94;MEL
4822;30;4;94;MEL
4823;30;4;94;MEL
4824;30;4;94;MEL
4825;30;4;94;MEL
4826;30;4;94;MEL
4827;30;4;94;MEL
4828;30;4;94;MEL
4829;30;4;94;MEL
4830;30;4;94;MEL
4831;30;4;94;MEL
4832;30;4;94;MEL
4833;30;4;94;MEL
4834;30;4;94;MEL
4835;30;4;94;MEL
4836;30;4;94;MEL
4837;30;4;94;MEL
4838;30;4;94;MEL
4839;30;4;94;MEL
4840;30;4;94;MEL
4841;30;4;94;MEL
4842;30;4;94;MEL
4843;30;4;94;MEL
4844;30;4;94;MEL
4845;30;4;94;MEL
4846;30;4;94;MEL
4847;30;4;94;MEL
4848;30;4;94;MEL
4849;30;4;94;MEL
4850;30;4;94;MEL
4851;18;7;93;FUS
4852;18;7;93;FUS
4853;18;7;93;FUS
4854;18;7;93;FUS
4855;18;7;93;FUS
4856;18;7;93;FUS
4857;18;7;93;FUS
4858;18;7;93;FUS
4859;18;7;93;FUS
4860;18;7;93;FUS
4861;18;7;93;FUS
4862;18;7;93;FUS
4863;18;7;93;FUS
4864;18;7;93;FUS
4865;18;7;93;FUS
4866;18;7;93;FUS
4867;18;7;93;FUS
4868;18;7;93;FUS
4869;18;7;93;FUS
4870;18;7;93;FUS
4871;19;9;92;FUS
4872;19;9;92;FUS
4873;19;9;92;FUS
4874;19;9;92;FUS
4875;19;9;92;FUS
4876;19;9;92;FUS
4877;19;9;92;FUS
4878;19;9;92;FUS
4879;19;9;92;FUS
4880;19;9;92;FUS
4881;19;9;92;FUS
4882;19;9;92;FUS
4883;19;9;92;FUS
4884;19;9;92;FUS
4885;19;9;92;FUS
4886;19;9;92;FUS
4887;19;9;92;FUS
4888;19;9;92;FUS
4889;19;9;92;FUS
4890;19;9;92;FUS
4891;19;9;92;FUS
4892;19;9;92;FUS
4893;19;9;92;FUS
4894;19;9;92;FUS
4895;19;9;92;FUS
4896;19;9;92;FUS
4897;19;9;92;FUS
4898;19;9;92;FUS
4899;19;9;92;FUS
4900;19;9;92;FUS
4901;19;9;92;FUS
4902;19;9;92;FUS
4903;19;9;92;FUS
4904;19;9;92;FUS
4905;19;9;92;FUS
4906;19;9;92;FUS
4907;19;9;92;FUS
4908;19;9;92;FUS
4909;19;9;92;FUS
4910;19;9;92;FUS
4911;19;9;92;FUS
4912;19;9;92;FUS
4913;19;9;92;FUS
4914;19;9;92;FUS
4915;19;9;92;FUS
4916;19;9;92;FUS
4917;26;4;94;OLS
4918;26;4;94;OLS
4919;26;4;94;OLS
4920;26;4;94;OLS
4921;26;4;94;OLS
4922;26;4;94;OLS
4923;26;4;94;OLS
4924;26;4;94;OLS
4925;26;4;94;OLS
4926;26;4;94;OLS
4927;26;4;94;OLS
4928;26;4;94;OLS
4929;26;4;94;OLS
4930;26;4;94;OLS
4931;26;4;94;OLS
4932;26;4;94;OLS
4933;26;4;94;OLS
4934;26;4;94;OLS
4935;26;4;94;OLS
4936;26;4;94;OLS
4937;26;4;94;OLS
4938;26;4;94;OLS
4939;26;4;94;OLS
4940;26;4;94;OLS
4941;26;4;94;OLS
4942;26;4;94;OLS
4943;26;4;94;OLS
4944;26;4;94;OLS
4945;26;4;94;OLS
4946;26;4;94;OLS
4947;26;4;94;OLS
4948;26;4;94;OLS
4949;26;4;94;OLS
4950;26;4;94;OLS
4951;26;4;94;OLS
4952;26;4;94;OLS
4953;26;4;94;OLS
4954;26;4;94;OLS
4955;26;4;94;OLS
4956;26;4;94;OLS
4957;26;4;94;OLS
4958;26;4;94;OLS
4959;26;4;94;OLS
4960;26;4;94;OLS
4961;26;4;94;OLS
4962;20;8;94;MEL
4963;20;8;94;MEL
4964;20;8;94;MEL
4965;20;8;94;MEL
4966;20;8;94;MEL
4967;20;8;94;MEL
4968;30;4;94;SVA
4969;30;4;94;SVA
4970;30;4;94;SVA
4971;30;4;94;SVA
4972;30;4;94;SVA
4973;30;4;94;SVA
4974;30;4;94;SVA
4975;30;4;94;SVA
4976;30;4;94;SVA
4977;30;4;94;SVA
4978;30;4;94;SVA
4979;30;4;94;SVA
4980;30;4;94;SVA
4981;30;4;94;SVA
4982;30;4;94;SVA
4983;30;4;94;SVA
4984;30;4;94;SVA
4985;30;4;94;SVA
4986;30;4;94;SVA
4987;30;4;94;SVA
4988;30;4;94;SVA
4989;30;4;94;SVA
4990;30;4;94;SVA
4991;30;4;94;SVA
4992;30;4;94;SVA
4993;30;4;94;SVA
4994;30;4;94;SVA
4995;30;4;94;SVA
4996;30;4;94;SVA
4997;30;4;94;SVA
4998;30;4;94;SVA
4999;30;4;94;SVA
5000;30;4;94;SVA
5001;30;4;94;SVA
5002;30;4;94;SVA
5003;30;4;94;SVA
5004;30;4;94;SVA
5005;30;4;94;SVA
5006;30;4;94;SVA
5007;30;4;94;SVA
5008;30;4;94;SVA
5009;30;4;94;SVA
5010;30;4;94;SVA
5011;30;4;94;SVA
5012;30;4;94;SVA
5013;30;4;94;SVA
5014;30;4;94;SVA
5015;30;4;94;SVA
5016;30;4;94;SVA
5017;14;6;94;OLS
5018;14;6;94;OLS
5019;14;6;94;OLS
5020;14;6;94;OLS
5021;14;6;94;OLS
5022;14;6;94;OLS
5023;14;6;94;OLS
5024;14;6;94;OLS
5025;14;6;94;OLS
5026;14;6;94;OLS
5027;14;6;94;OLS
5028;14;6;94;OLS
5029;14;6;94;OLS
5030;14;6;94;OLS
5031;14;6;94;OLS
5032;14;6;94;OLS
5033;14;6;94;OLS
5034;14;6;94;OLS
5035;14;6;94;OLS
5036;14;6;94;OLS
5037;14;6;94;OLS
5038;14;6;94;OLS
5039;14;6;94;OLS
5040;14;6;94;OLS
5041;14;6;94;OLS
5042;14;6;94;OLS
5043;14;6;94;OLS
5044;14;6;94;OLS
5045;14;6;94;OLS
5046;14;6;94;OLS
5047;14;6;94;OLS
5048;14;6;94;OLS
5049;14;6;94;OLS
5050;14;6;94;OLS
5051;14;6;94;OLS
5052;14;6;94;OLS
5053;14;6;94;OLS
5054;14;6;94;OLS
5055;14;6;94;OLS
5056;14;6;94;OLS
5057;14;6;94;OLS
5058;14;6;94;OLS
5059;26;7;94;OLS
5060;26;7;94;OLS
5061;26;7;94;OLS
5062;26;7;94;OLS
5063;26;7;94;OLS
5064;26;7;94;OLS
5065;26;7;94;OLS
5066;26;7;94;OLS
5067;26;7;94;OLS
5068;26;7;94;OLS
5069;26;7;94;OLS
5070;26;7;94;OLS
5071;26;7;94;OLS
5072;26;7;94;OLS
5073;26;7;94;OLS
5074;26;7;94;OLS
5075;26;7;94;OLS
5076;26;7;94;OLS
5077;26;7;94;OLS
5078;26;7;94;OLS
5079;26;7;94;OLS
5080;26;7;94;OLS
5081;26;7;94;OLS
5082;26;7;94;OLS
5083;26;7;94;OLS
5084;26;7;94;OLS
5085;26;7;94;OLS
5086;26;7;94;OLS
5087;26;7;94;OLS
5088;26;7;94;OLS
5089;26;7;94;OLS
5090;26;7;94;OLS
5091;26;7;94;OLS
5092;26;7;94;OLS
5093;26;7;94;OLS
5094;5;5;94;ORM
5095;5;5;94;ORM
5096;5;5;94;ORM
5097;5;5;94;ORM
5098;5;5;94;ORM
5099;5;5;94;ORM
5100;5;5;94;ORM
5101;5;5;94;ORM
5102;5;5;94;ORM
5103;5;5;94;ORM
5104;5;5;94;ORM
5105;5;5;94;ORM
5106;5;5;94;ORM
5107;5;5;94;ORM
5108;5;5;94;ORM
5109;5;5;94;ORM
5110;5;5;94;ORM
5111;5;5;94;ORM
5112;5;5;94;ORM
5113;5;5;94;ORM
5114;5;5;94;ORM
5115;5;5;94;ORM
5116;5;5;94;ORM
5117;5;5;94;ORM
5118;5;5;94;ORM
5119;5;5;94;ORM
5120;5;5;94;ORM
5121;5;5;94;ORM
5122;5;5;94;ORM
5123;5;5;94;ORM
5124;5;5;94;ORM
5125;5;5;94;ORM
5126;5;5;94;ORM
5127;5;5;94;ORM
5128;5;5;94;ORM
5129;5;5;94;ORM
5130;5;5;94;ORM
5131;5;5;94;ORM
5132;5;5;94;ORM
5133;5;5;94;ORM
5134;10;5;94;VOR
5135;10;5;94;VOR
5136;10;5;94;VOR
5137;10;5;94;VOR
5138;10;5;94;VOR
5139;10;5;94;VOR
5140;10;5;94;VOR
5141;10;5;94;VOR
5142;10;5;94;VOR
5143;10;5;94;VOR
5144;10;5;94;VOR
5145;10;5;94;VOR
5146;10;5;94;VOR
5147;10;5;94;VOR
5148;10;5;94;VOR
5149;10;5;94;VOR
5150;10;5;94;VOR
5151;10;5;94;VOR
5152;10;5;94;VOR
5153;10;5;94;VOR
5154;10;5;94;VOR
5155;10;5;94;VOR
5156;10;5;94;VOR
5157;10;5;94;VOR
5158;10;5;94;VOR
5159;10;5;94;VOR
5160;10;5;94;VOR
5161;10;5;94;VOR
5162;10;5;94;VOR
5163;10;5;94;VOR
5164;10;5;94;VOR
5165;10;5;94;VOR
5166;10;5;94;VOR
5167;10;5;94;VOR
5168;3;5;94;BR
5169;3;5;94;BR
5170;3;5;94;BR
5171;3;5;94;BR
5172;3;5;94;BR
5173;3;5;94;BR
5174;3;5;94;BR
5175;3;5;94;BR
5176;3;5;94;BR
5177;3;5;94;BR
5178;3;5;94;BR
5179;3;5;94;BR
5180;3;5;94;BR
5181;3;5;94;BR
5182;3;5;94;BR
5183;3;5;94;BR
5184;3;5;94;BR
5185;3;5;94;BR
5186;3;5;94;BR
5187;3;5;94;BR
5188;3;5;94;BR
5189;3;5;94;BR
5190;3;5;94;BR
5191;3;5;94;BR
5192;3;5;94;BR
5193;3;5;94;BR
5194;3;5;94;BR
5195;3;5;94;BR
5196;3;5;94;BR
5197;3;5;94;BR
5198;3;5;94;BR
5199;3;5;94;BR
5200;3;5;94;BR
5201;3;5;94;BR
5202;3;5;94;BR
5203;3;5;94;BR
5204;3;5;94;BR
5205;3;5;94;BR
5206;3;5;94;BR
5207;3;5;94;BR
5208;20;4;94;VOR
5209;20;4;94;VOR
5210;20;4;94;VOR
5211;20;4;94;VOR
5212;20;4;94;VOR
5213;20;4;94;VOR
5214;20;4;94;VOR
5215;20;4;94;VOR
5216;20;4;94;VOR
5217;20;4;94;VOR
5218;20;4;94;VOR
5219;20;4;94;VOR
5220;20;4;94;VOR
5221;20;4;94;VOR
5222;20;4;94;VOR
5223;20;4;94;VOR
5224;20;4;94;VOR
5225;20;4;94;VOR
5226;20;4;94;VOR
5227;20;4;94;VOR
5228;20;4;94;VOR
5229;20;4;94;VOR
5230;20;4;94;VOR
5231;20;4;94;VOR
5232;20;4;94;VOR
5233;20;4;94;VOR
5234;20;4;94;VOR
5235;20;4;94;VOR
5236;20;4;94;VOR
5237;20;4;94;VOR
5238;20;4;94;VOR
5239;20;4;94;VOR
5240;20;4;94;VOR
5241;20;4;94;VOR
5242;20;4;94;VOR
5243;20;4;94;VOR
5244;20;4;94;VOR
5245;20;4;94;VOR
5246;20;4;94;VOR
5247;20;4;94;VOR
5248;23;7;94;VOR
5249;23;7;94;VOR
5250;23;7;94;VOR
5251;23;7;94;VOR
5252;23;7;94;VOR
5253;23;7;94;VOR
5254;23;7;94;VOR
5255;23;7;94;VOR
5256;23;7;94;VOR
5257;23;7;94;VOR
5258;23;7;94;VOR
5259;23;7;94;VOR
5260;23;7;94;VOR
5261;23;7;94;VOR
5262;23;7;94;VOR
5263;23;7;94;VOR
5264;23;7;94;VOR
5265;23;7;94;VOR
5266;23;7;94;VOR
5267;23;7;94;VOR
5268;23;7;94;VOR
5269;23;7;94;VOR
5270;23;7;94;VOR
5271;23;7;94;VOR
5272;23;7;94;VOR
5273;23;7;94;VOR
5274;23;7;94;VOR
5275;23;7;94;VOR
5276;23;7;94;VOR
5277;23;7;94;VOR
5278;23;7;94;VOR
5279;23;7;94;VOR
5280;23;7;94;VOR
5281;23;7;94;VOR
5282;23;7;94;VOR
5283;23;7;94;VOR
5284;23;7;94;VOR
5285;23;7;94;VOR
5286;23;7;94;VOR
5287;23;7;94;VOR
5288;23;7;94;VOR
5289;6;6;94;ORM
5290;6;6;94;ORM
5291;6;6;94;ORM
5292;6;6;94;ORM
5293;6;6;94;ORM
5294;6;6;94;ORM
5295;6;6;94;ORM
5296;6;6;94;ORM
5297;6;6;94;ORM
5298;6;6;94;ORM
5299;6;6;94;ORM
5300;6;6;94;ORM
5301;6;6;94;ORM
5302;6;6;94;ORM
5303;6;6;94;ORM
5304;6;6;94;ORM
5305;6;6;94;ORM
5306;6;6;94;ORM
5307;6;6;94;ORM
5308;6;6;94;ORM
5309;6;6;94;ORM
5310;6;6;94;ORM
5311;6;6;94;ORM
5312;6;6;94;ORM
5313;6;6;94;ORM
5314;6;6;94;ORM
5315;6;6;94;ORM
5316;6;6;94;ORM
5317;6;6;94;ORM
5318;6;6;94;ORM
5319;6;6;94;ORM
5320;6;6;94;ORM
5321;6;6;94;ORM
5322;6;6;94;ORM
5323;6;6;94;ORM
5324;6;6;94;ORM
5325;6;6;94;ORM
5326;6;6;94;ORM
5327;6;6;94;ORM
5328;6;6;94;ORM
5329;18;7;94;MEL
5330;18;7;94;MEL
5331;18;7;94;MEL
5332;18;7;94;MEL
5333;18;7;94;MEL
5334;18;7;94;MEL
5335;18;7;94;MEL
5336;18;7;94;MEL
5337;18;7;94;MEL
5338;18;7;94;MEL
5339;18;7;94;MEL
5340;18;7;94;MEL
5341;18;7;94;MEL
5342;18;7;94;MEL
5343;18;7;94;MEL
5344;18;7;94;MEL
5345;18;7;94;MEL
5346;18;7;94;MEL
5347;18;7;94;MEL
5348;18;7;94;MEL
5349;18;7;94;MEL
5350;18;7;94;MEL
5351;18;7;94;MEL
5352;18;7;94;MEL
5353;18;7;94;MEL
5354;18;7;94;MEL
5355;18;7;94;MEL
5356;18;7;94;MEL
5357;18;7;94;MEL
5358;18;7;94;MEL
5359;18;7;94;MEL
5360;18;7;94;MEL
5361;18;7;94;MEL
5362;18;7;94;MEL
5363;18;7;94;MEL
5364;18;7;94;MEL
5365;18;7;94;MEL
5366;18;7;94;MEL
5367;18;7;94;MEL
5368;18;7;94;MEL
5369;16;6;94;MEL
5370;16;6;94;MEL
5371;16;6;94;MEL
5372;16;6;94;MEL
5373;16;6;94;MEL
5374;16;6;94;MEL
5375;16;6;94;MEL
5376;16;6;94;MEL
5377;16;6;94;MEL
5378;16;6;94;MEL
5379;16;6;94;MEL
5380;16;6;94;MEL
5381;16;6;94;MEL
5382;16;6;94;MEL
5383;16;6;94;MEL
5384;16;6;94;MEL
5385;16;6;94;MEL
5386;16;6;94;MEL
5387;16;6;94;MEL
5388;16;6;94;MEL
5389;16;6;94;MEL
5390;16;6;94;MEL
5391;16;6;94;MEL
5392;16;6;94;MEL
5393;16;6;94;MEL
5394;16;6;94;MEL
5395;16;6;94;MEL
5396;16;6;94;MEL
5397;16;6;94;MEL
5398;16;6;94;MEL
5399;16;6;94;MEL
5400;16;6;94;MEL
5401;16;6;94;MEL
5402;16;6;94;MEL
5403;16;6;94;MEL
5404;16;6;94;MEL
5405;1;6;94;HOV
5406;1;6;94;HOV
5407;1;6;94;HOV
5408;1;6;94;HOV
5409;1;6;94;HOV
5410;1;6;94;HOV
5411;1;6;94;HOV
5412;1;6;94;HOV
5413;1;6;94;HOV
5414;1;6;94;HOV
5415;1;6;94;HOV
5416;1;6;94;HOV
5417;1;6;94;HOV
5418;1;6;94;HOV
5419;1;6;94;HOV
5420;1;6;94;HOV
5421;1;6;94;HOV
5422;1;6;94;HOV
5423;1;6;94;HOV
5424;1;6;94;HOV
5425;1;6;94;HOV
5426;1;6;94;HOV
5427;1;6;94;HOV
5428;1;6;94;HOV
5429;1;6;94;HOV
5430;1;6;94;HOV
5431;1;6;94;HOV
5432;1;6;94;HOV
5433;1;6;94;HOV
5434;1;6;94;HOV
5435;1;6;94;HOV
5436;1;6;94;HOV
5437;1;6;94;HOV
5438;1;6;94;HOV
5439;1;6;94;HOV
5440;1;6;94;HOV
5441;1;6;94;HOV
5442;1;6;94;HOV
5443;1;6;94;HOV
5444;1;6;94;HOV
5445;2;5;94;FJA
5446;2;5;94;FJA
5447;2;5;94;FJA
5448;2;5;94;FJA
5449;2;5;94;FJA
5450;2;5;94;FJA
5451;2;5;94;FJA
5452;2;5;94;FJA
5453;2;5;94;FJA
5454;2;5;94;FJA
5455;2;5;94;FJA
5456;2;5;94;FJA
5457;2;5;94;FJA
5458;2;5;94;FJA
5459;2;5;94;FJA
5460;2;5;94;FJA
5461;2;5;94;FJA
5462;2;5;94;FJA
5463;2;5;94;FJA
5464;2;5;94;FJA
5465;2;5;94;FJA
5466;2;5;94;FJA
5467;2;5;94;FJA
5468;2;5;94;FJA
5469;2;5;94;FJA
5470;2;5;94;FJA
5471;2;5;94;FJA
5472;2;5;94;FJA
5473;2;5;94;FJA
5474;2;5;94;FJA
5475;2;5;94;FJA
5476;2;5;94;FJA
5477;2;5;94;FJA
5478;2;5;94;TOF
5479;2;5;94;TOF
5480;2;5;94;TOF
5481;2;5;94;TOF
5482;2;5;94;TOF
5483;2;5;94;TOF
5484;2;5;94;TOF
5485;2;5;94;TOF
5486;2;5;94;TOF
5487;2;5;94;TOF
5488;2;5;94;TOF
5489;2;5;94;TOF
5490;2;5;94;TOF
5491;2;5;94;TOF
5492;2;5;94;TOF
5493;2;5;94;TOF
5494;2;5;94;TOF
5495;2;5;94;TOF
5496;2;5;94;TOF
5497;2;5;94;TOF
5498;2;5;94;TOF
5499;2;5;94;TOF
5500;2;5;94;TOF
5501;2;5;94;TOF
5502;2;5;94;TOF
5503;2;5;94;TOF
5504;2;5;94;TOF
5505;2;5;94;TOF
5506;2;5;94;TOF
5507;2;5;94;TOF
5508;2;5;94;TOF
5509;2;5;94;TOF
5510;2;5;94;TOF
5511;2;5;94;TOF
5512;2;5;94;TOF
5513;2;5;94;TOF
5514;2;5;94;TOF
5515;2;5;94;TOF
5516;2;5;94;TOF
5517;2;5;94;TOF
5518;9;5;94;STA
5519;9;5;94;STA
5520;9;5;94;STA
5521;9;5;94;STA
5522;9;5;94;STA
5523;9;5;94;STA
5524;9;5;94;STA
5525;9;5;94;STA
5526;9;5;94;STA
5527;9;5;94;STA
5528;9;5;94;STA
5529;9;5;94;STA
5530;9;5;94;STA
5531;9;5;94;STA
5532;9;5;94;STA
5533;9;5;94;STA
5534;9;5;94;STA
5535;9;5;94;STA
5536;9;5;94;STA
5537;9;5;94;STA
5538;9;5;94;STA
5539;9;5;94;STA
5540;9;5;94;STA
5541;9;5;94;STA
5542;9;5;94;STA
5543;9;5;94;STA
5544;9;5;94;STA
5545;9;5;94;STA
5546;9;5;94;STA
5547;9;5;94;STA
5548;9;5;94;STA
5549;9;5;94;STA
5550;9;5;94;STA
5551;9;5;94;STA
5552;9;5;94;STA
5553;9;5;94;STA
5554;9;5;94;STA
5555;9;5;94;STA
5556;9;5;94;STA
5557;9;5;94;STA
5558;4;10;94;VOR
5559;4;10;94;VOR
5560;4;10;94;VOR
5561;4;10;94;VOR
5562;4;10;94;VOR
5563;4;10;94;VOR
5564;4;10;94;VOR
5565;4;10;94;VOR
5566;4;10;94;VOR
5567;4;10;94;VOR
5568;4;10;94;VOR
5569;4;10;94;VOR
5570;4;10;94;VOR
5571;4;10;94;VOR
5572;4;10;94;VOR
5573;4;10;94;VOR
5574;4;10;94;VOR
5575;4;10;94;VOR
5576;4;10;94;VOR
5577;4;10;94;VOR
5578;4;10;94;VOR
5579;4;10;94;VOR
5580;4;10;94;VOR
5581;4;10;94;VOR
5582;4;10;94;VOR
5583;4;10;94;VOR
5584;4;10;94;VOR
5585;4;10;94;VOR
5586;4;10;94;VOR
5587;4;10;94;VOR
5588;4;10;94;VOR
5589;4;10;94;VOR
5590;4;10;94;VOR
5591;4;10;94;VOR
5592;4;10;94;VOR
5593;4;10;94;VOR
5594;4;10;94;VOR
5595;4;10;94;VOR
5596;4;10;94;VOR
5597;4;10;94;VOR
5598;19;6;94;STA
5599;19;6;94;STA
5600;19;6;94;STA
5601;19;6;94;STA
5602;19;6;94;STA
5603;19;6;94;STA
5604;19;6;94;STA
5605;19;6;94;STA
5606;19;6;94;STA
5607;19;6;94;STA
5608;19;6;94;STA
5609;19;6;94;STA
5610;19;6;94;STA
5611;19;6;94;STA
5612;19;6;94;STA
5613;19;6;94;STA
5614;20;5;94;KID
5615;20;5;94;KID
5616;20;5;94;KID
5617;20;5;94;KID
5618;20;5;94;KID
5619;20;5;94;KID
5620;20;5;94;KID
5621;20;5;94;KID
5622;20;5;94;KID
5623;20;5;94;KID
5624;20;5;94;KID
5625;20;5;94;KID
5626;20;5;94;KID
5627;20;5;94;KID
5628;20;5;94;KID
5629;20;5;94;KID
5630;20;5;94;KID
5631;20;5;94;KID
5632;20;5;94;KID
5633;20;5;94;KID
5634;20;5;94;KID
5635;20;5;94;KID
5636;20;5;94;KID
5637;20;5;94;KID
5638;29;4;94;HOP
5639;29;4;94;HOP
5640;29;4;94;HOP
5641;29;4;94;HOP
5642;29;4;94;HOP
5643;29;4;94;HOP
5644;29;4;94;HOP
5645;29;4;94;HOP
5646;29;4;94;HOP
5647;29;4;94;HOP
5648;29;4;94;HOP
5649;29;4;94;HOP
5650;29;4;94;HOP
5651;29;4;94;HOP
5652;29;4;94;HOP
5653;29;4;94;HOP
5654;29;4;94;HOP
5655;29;4;94;HOP
5656;29;4;94;HOP
5657;29;4;94;HOP
5658;29;4;94;HOP
5659;29;4;94;HOP
5660;29;4;94;HOP
5661;29;4;94;HOP
5662;29;4;94;HOP
5663;29;4;94;HOP
5664;29;4;94;HOP
5665;29;4;94;HOP
5666;29;4;94;HOP
5667;29;4;94;HOP
5668;29;4;94;HOP
5669;29;4;94;HOP
5670;26;4;94;M텍
5671;26;4;94;M텍
5672;26;4;94;M텍
5673;26;4;94;M텍
5674;26;4;94;M텍
5675;26;4;94;M텍
5676;26;4;94;M텍
5677;26;4;94;M텍
5678;26;4;94;M텍
5679;26;4;94;M텍
5680;26;4;94;M텍
5681;26;4;94;M텍
5682;26;4;94;M텍
5683;26;4;94;M텍
5684;26;4;94;M텍
5685;26;4;94;M텍
5686;26;4;94;M텍
5687;26;4;94;M텍
5688;26;4;94;M텍
5689;26;4;94;M텍
5690;26;4;94;M텍
5691;26;4;94;M텍
5692;26;4;94;M텍
5693;26;4;94;M텍
5694;26;4;94;M텍
5695;26;4;94;M텍
5696;26;4;94;M텍
5697;26;4;94;M텍
5698;26;4;94;M텍
5699;26;4;94;M텍
5700;26;4;94;M텍
5701;26;4;94;M텍
5702;26;4;94;M텍
5703;26;4;94;M텍
5704;26;4;94;M텍
5705;26;4;94;M텍
5706;26;4;94;M텍
5707;26;4;94;M텍
5708;26;4;94;M텍
5709;26;4;94;M텍
5710;19;5;94;SAL
5711;19;5;94;SAL
5712;19;5;94;SAL
5713;19;5;94;SAL
5714;19;5;94;SAL
5715;19;5;94;SAL
5716;19;5;94;SAL
5717;19;5;94;SAL
5718;19;5;94;SAL
5719;19;5;94;SAL
5720;19;5;94;SAL
5721;19;5;94;SAL
5722;19;5;94;SAL
5723;19;5;94;SAL
5724;19;5;94;SAL
5725;19;5;94;SAL
5726;19;5;94;SAL
5727;19;5;94;SAL
5728;19;5;94;SAL
5729;19;5;94;SAL
5730;19;5;94;SAL
5731;19;5;94;SAL
5732;19;5;94;SAL
5733;19;5;94;SAL
5734;19;5;94;SAL
5735;19;5;94;SAL
5736;19;5;94;SAL
5737;19;5;94;SAL
5738;19;5;94;SAL
5739;19;5;94;SAL
5740;19;5;94;SAL
5741;19;5;94;SAL
5742;19;5;94;SAL
5743;19;5;94;SAL
5744;19;5;94;SAL
5745;6;5;94;TYR
5746;6;5;94;TYR
5747;6;5;94;TYR
5748;6;5;94;TYR
5749;6;5;94;TYR
5750;6;5;94;TYR
5751;6;5;94;TYR
5752;6;5;94;TYR
5753;6;5;94;TYR
5754;6;5;94;TYR
5755;6;5;94;TYR
5756;6;5;94;TYR
5757;6;5;94;TYR
5758;6;5;94;TYR
5759;6;5;94;TYR
5760;6;5;94;TYR
5761;6;5;94;TYR
5762;6;5;94;TYR
5763;6;5;94;TYR
5764;6;5;94;TYR
5765;6;5;94;TYR
5766;6;5;94;TYR
5767;6;5;94;TYR
5768;6;5;94;TYR
5769;6;5;94;TYR
5770;6;5;94;TYR
5771;6;5;94;TYR
5772;6;5;94;TYR
5773;6;5;94;TYR
5774;6;5;94;TYR
5775;6;5;94;TYR
5776;6;5;94;TYR
5777;6;5;94;TYR
5778;6;5;94;TYR
5779;6;5;94;TYR
5780;6;5;94;TYR
5781;6;5;94;TYR
5782;6;5;94;TYR
5783;6;5;94;TYR
5784;6;5;94;TYR
5785;6;5;94;TYR
5786;6;5;94;TYR
5787;6;5;94;TYR
5788;6;5;94;TYR
5789;6;5;94;TYR
5790;6;5;94;TYR
5791;6;5;94;TYR
5792;21;5;94;DYR
5793;21;5;94;DYR
5794;21;5;94;DYR
5795;21;5;94;DYR
5796;21;5;94;DYR
5797;21;5;94;DYR
5798;21;5;94;DYR
5799;21;5;94;DYR
5800;21;5;94;DYR
5801;21;5;94;DYR
5802;21;5;94;DYR
5803;21;5;94;DYR
5804;21;5;94;DYR
5805;21;5;94;DYR
5806;21;5;94;DYR
5807;21;5;94;DYR
5808;21;5;94;DYR
5809;21;5;94;DYR
5810;21;5;94;DYR
5811;21;5;94;DYR
5812;21;5;94;DYR
5813;21;5;94;DYR
5814;21;5;94;DYR
5815;21;5;94;DYR
5816;21;5;94;DYR
5817;21;5;94;DYR
5818;21;5;94;DYR
5819;21;5;94;DYR
5820;21;5;94;DYR
5821;21;5;94;DYR
5822;21;5;94;DYR
5823;21;5;94;DYR
5824;21;5;94;DYR
5825;21;5;94;DYR
5826;21;5;94;DYR
5827;21;5;94;DYR
5828;21;5;94;DYR
5829;21;5;94;DYR
