"N";"quarter";"ages";"years";"prey";"predator"
0;1;0;1985;"cod";"cormorant"
5216.29826622305;2;0;1985;"cod";"cormorant"
3580.09759339422;3;0;1985;"cod";"cormorant"
887.511877559042;4;0;1985;"cod";"cormorant"
0;1;0;1986;"cod";"cormorant"
6431.83805666994;2;0;1986;"cod";"cormorant"
4414.35799346233;3;0;1986;"cod";"cormorant"
1094.32635529948;4;0;1986;"cod";"cormorant"
0;1;0;1987;"cod";"cormorant"
8258.41323515992;2;0;1987;"cod";"cormorant"
5667.98979649964;3;0;1987;"cod";"cormorant"
1405.10366967613;4;0;1987;"cod";"cormorant"
0;1;0;1988;"cod";"cormorant"
9551.60246027534;2;0;1988;"cod";"cormorant"
6555.54326763029;3;0;1988;"cod";"cormorant"
1625.1295843469;4;0;1988;"cod";"cormorant"
0;1;0;1989;"cod";"cormorant"
13132.1833238023;2;0;1989;"cod";"cormorant"
9013.00031441609;3;0;1989;"cod";"cormorant"
2234.33708797414;4;0;1989;"cod";"cormorant"
0;1;0;1990;"cod";"cormorant"
16196.0691977516;2;0;1990;"cod";"cormorant"
11115.8345244128;3;0;1990;"cod";"cormorant"
2755.63302732314;4;0;1990;"cod";"cormorant"
0;1;0;1991;"cod";"cormorant"
19720.7715067964;2;0;1991;"cod";"cormorant"
13534.9404899885;3;0;1991;"cod";"cormorant"
3355.33323702801;4;0;1991;"cod";"cormorant"
0;1;0;1992;"cod";"cormorant"
4979.38296287301;2;0;1992;"cod";"cormorant"
3564.32941616281;3;0;1992;"cod";"cormorant"
996.327045335065;4;0;1992;"cod";"cormorant"
0;1;0;1993;"cod";"cormorant"
16389.6717528921;2;0;1993;"cod";"cormorant"
12938.7174353219;3;0;1993;"cod";"cormorant"
3941.33559854723;4;0;1993;"cod";"cormorant"
0;1;0;1994;"cod";"cormorant"
30667.0499440883;2;0;1994;"cod";"cormorant"
23720.166831318;3;0;1994;"cod";"cormorant"
6181.94475964315;4;0;1994;"cod";"cormorant"
0;1;0;1995;"cod";"cormorant"
6211.49685938068;2;0;1995;"cod";"cormorant"
4704.13630676215;3;0;1995;"cod";"cormorant"
1185.33289531244;4;0;1995;"cod";"cormorant"
0;1;0;1996;"cod";"cormorant"
17717.2940385628;2;0;1996;"cod";"cormorant"
15298.0316159754;3;0;1996;"cod";"cormorant"
4068.78881406403;4;0;1996;"cod";"cormorant"
0;1;0;1997;"cod";"cormorant"
22781.942273283;2;0;1997;"cod";"cormorant"
15718.0456941407;3;0;1997;"cod";"cormorant"
3497.33686099456;4;0;1997;"cod";"cormorant"
0;1;0;1998;"cod";"cormorant"
6401.97196590763;2;0;1998;"cod";"cormorant"
4355.43874694276;3;0;1998;"cod";"cormorant"
1087.05377958461;4;0;1998;"cod";"cormorant"
0;1;0;1999;"cod";"cormorant"
5949.18566804474;2;0;1999;"cod";"cormorant"
4753.96698381461;3;0;1999;"cod";"cormorant"
1324.11280343421;4;0;1999;"cod";"cormorant"
0;1;0;2000;"cod";"cormorant"
6117.77042898714;2;0;2000;"cod";"cormorant"
4529.38447670463;3;0;2000;"cod";"cormorant"
1279.92046126835;4;0;2000;"cod";"cormorant"
0;1;0;2001;"cod";"cormorant"
12270.4698693026;2;0;2001;"cod";"cormorant"
10237.4527654457;3;0;2001;"cod";"cormorant"
3003.10312358488;4;0;2001;"cod";"cormorant"
0;1;0;2002;"cod";"cormorant"
5245.91247097937;2;0;2002;"cod";"cormorant"
3937.4672262746;3;0;2002;"cod";"cormorant"
1089.61633469838;4;0;2002;"cod";"cormorant"
0;1;0;2003;"cod";"cormorant"
14638.0483820406;2;0;2003;"cod";"cormorant"
11538.2104847265;3;0;2003;"cod";"cormorant"
3369.64078762786;4;0;2003;"cod";"cormorant"
0;1;0;2004;"cod";"cormorant"
6346.27167804998;2;0;2004;"cod";"cormorant"
4438.7462212786;3;0;2004;"cod";"cormorant"
1126.19207770118;4;0;2004;"cod";"cormorant"
0;1;0;2005;"cod";"cormorant"
4490.33804511492;2;0;2005;"cod";"cormorant"
3624.86956316868;3;0;2005;"cod";"cormorant"
1049.235359982;4;0;2005;"cod";"cormorant"
0;1;0;2006;"cod";"cormorant"
2189.5669326897;2;0;2006;"cod";"cormorant"
1784.37256234776;3;0;2006;"cod";"cormorant"
500.773801887791;4;0;2006;"cod";"cormorant"
0;1;0;2007;"cod";"cormorant"
1370.77069129704;2;0;2007;"cod";"cormorant"
1182.63367454489;3;0;2007;"cod";"cormorant"
330.643058077392;4;0;2007;"cod";"cormorant"
0;1;0;2008;"cod";"cormorant"
5390.38152090297;2;0;2008;"cod";"cormorant"
4349.83283084997;3;0;2008;"cod";"cormorant"
1285.09298959504;4;0;2008;"cod";"cormorant"
0;1;0;2009;"cod";"cormorant"
1658.87885370912;2;0;2009;"cod";"cormorant"
1316.4187709912;3;0;2009;"cod";"cormorant"
377.822160782739;4;0;2009;"cod";"cormorant"
0;1;0;2010;"cod";"cormorant"
2115.33148355827;2;0;2010;"cod";"cormorant"
1849.9872567552;3;0;2010;"cod";"cormorant"
540.773144757673;4;0;2010;"cod";"cormorant"
0;1;0;2011;"cod";"cormorant"
1556.69291199799;2;0;2011;"cod";"cormorant"
1343.59458437159;3;0;2011;"cod";"cormorant"
376.426360369287;4;0;2011;"cod";"cormorant"
0;1;0;2012;"cod";"cormorant"
3574.03386117941;2;0;2012;"cod";"cormorant"
2982.88438977108;3;0;2012;"cod";"cormorant"
805.876043701533;4;0;2012;"cod";"cormorant"
0;1;0;2013;"cod";"cormorant"
1921.08536742444;2;0;2013;"cod";"cormorant"
1312.82990177961;3;0;2013;"cod";"cormorant"
326.432945546923;4;0;2013;"cod";"cormorant"
0;1;0;2014;"cod";"cormorant"
2274.24142116263;2;0;2014;"cod";"cormorant"
1374.58519132831;3;0;2014;"cod";"cormorant"
326.329021593305;4;0;2014;"cod";"cormorant"
0;1;0;2015;"cod";"cormorant"
533.798146736586;2;0;2015;"cod";"cormorant"
379.520209997715;3;0;2015;"cod";"cormorant"
89.9475172822731;4;0;2015;"cod";"cormorant"
0;1;0;2016;"cod";"cormorant"
4855.34427278655;2;0;2016;"cod";"cormorant"
3819.33623255662;3;0;2016;"cod";"cormorant"
997.033171148759;4;0;2016;"cod";"cormorant"
0;1;0;2017;"cod";"cormorant"
256.764200491039;2;0;2017;"cod";"cormorant"
178.442015931406;3;0;2017;"cod";"cormorant"
43.3578543805781;4;0;2017;"cod";"cormorant"
0;1;0;2018;"cod";"cormorant"
513.91259697349;2;0;2018;"cod";"cormorant"
382.725478876068;3;0;2018;"cod";"cormorant"
95.8756699769859;4;0;2018;"cod";"cormorant"
0;1;0;2019;"cod";"cormorant"
996.962223384948;2;0;2019;"cod";"cormorant"
651.67927992128;3;0;2019;"cod";"cormorant"
151.249672380381;4;0;2019;"cod";"cormorant"
0;1;0;2020;"cod";"cormorant"
1829.028604653;2;0;2020;"cod";"cormorant"
998.107799055699;3;0;2020;"cod";"cormorant"
229.282067240491;4;0;2020;"cod";"cormorant"
0;1;0;2021;"cod";"cormorant"
3020.79350609851;2;0;2021;"cod";"cormorant"
1528.76698053273;3;0;2021;"cod";"cormorant"
257.671925432539;4;0;2021;"cod";"cormorant"
0;1;0;2022;"cod";"cormorant"
8312.47375485388;2;0;2022;"cod";"cormorant"
3831.7776016977;3;0;2022;"cod";"cormorant"
609.707869978724;4;0;2022;"cod";"cormorant"
0;1;0;2023;"cod";"cormorant"
3988.9728307614;2;0;2023;"cod";"cormorant"
1962.0156196726;3;0;2023;"cod";"cormorant"
319.026379822173;4;0;2023;"cod";"cormorant"
262.450899844236;1;1;1985;"cod";"cormorant"
545.367329914299;2;1;1985;"cod";"cormorant"
594.938669858762;3;1;1985;"cod";"cormorant"
156.599784474627;4;1;1985;"cod";"cormorant"
323.609118856558;1;1;1986;"cod";"cormorant"
672.4527947569;2;1;1986;"cod";"cormorant"
733.57560915566;3;1;1986;"cod";"cormorant"
193.09180611321;4;1;1986;"cod";"cormorant"
415.510746171851;1;1;1987;"cod";"cormorant"
863.422401389861;2;1;1987;"cod";"cormorant"
941.903459985153;3;1;1987;"cod";"cormorant"
247.927872741231;4;1;1987;"cod";"cormorant"
480.575790093536;1;1;1988;"cod";"cormorant"
998.626164438057;2;1;1988;"cod";"cormorant"
1089.39661283029;3;1;1988;"cod";"cormorant"
286.751027323727;4;1;1988;"cod";"cormorant"
660.727810096436;1;1;1989;"cod";"cormorant"
1372.97819061118;2;1;1989;"cod";"cormorant"
1497.77548757031;3;1;1989;"cod";"cormorant"
394.244533811479;4;1;1989;"cod";"cormorant"
814.883029679052;1;1;1990;"cod";"cormorant"
1693.30942417151;2;1;1990;"cod";"cormorant"
1847.22333227078;3;1;1990;"cod";"cormorant"
486.226211819076;4;1;1990;"cod";"cormorant"
992.223596778502;1;1;1991;"cod";"cormorant"
2061.81931162823;2;1;1991;"cod";"cormorant"
2249.22904520513;3;1;1991;"cod";"cormorant"
592.0421743586;4;1;1991;"cod";"cormorant"
1889.0386533126;1;1;1992;"cod";"cormorant"
4312.71345939048;2;1;1992;"cod";"cormorant"
4520.03457165572;3;1;1992;"cod";"cormorant"
1318.17888367942;4;1;1992;"cod";"cormorant"
632.503435417846;1;1;1993;"cod";"cormorant"
1635.79965491786;2;1;1993;"cod";"cormorant"
1970.52633950941;3;1;1993;"cod";"cormorant"
623.120102722335;4;1;1993;"cod";"cormorant"
2054.24941146487;1;1;1994;"cod";"cormorant"
4665.4166637503;2;1;1994;"cod";"cormorant"
5060.45518438471;3;1;1994;"cod";"cormorant"
1334.70715504435;4;1;1994;"cod";"cormorant"
3058.87949193863;1;1;1995;"cod";"cormorant"
6728.10948186183;2;1;1995;"cod";"cormorant"
7009.71903358865;3;1;1995;"cod";"cormorant"
1811.52371141696;4;1;1995;"cod";"cormorant"
552.68090753747;1;1;1996;"cod";"cormorant"
1261.92798674445;2;1;1996;"cod";"cormorant"
1434.98740271243;3;1;1996;"cod";"cormorant"
398.602138310018;4;1;1996;"cod";"cormorant"
1676.47265184278;1;1;1997;"cod";"cormorant"
3499.50807299542;2;1;1997;"cod";"cormorant"
3474.5080987065;3;1;1997;"cod";"cormorant"
840.343930344574;4;1;1997;"cod";"cormorant"
1755.68336473314;1;1;1998;"cod";"cormorant"
3711.51847876905;2;1;1998;"cod";"cormorant"
3753.63050898768;3;1;1998;"cod";"cormorant"
1020.94834355234;4;1;1998;"cod";"cormorant"
541.930439797727;1;1;1999;"cod";"cormorant"
1268.58855188219;2;1;1999;"cod";"cormorant"
1542.5721347675;3;1;1999;"cod";"cormorant"
463.142958070266;4;1;1999;"cod";"cormorant"
794.916393660893;1;1;2000;"cod";"cormorant"
1911.86353664046;2;1;2000;"cod";"cormorant"
2127.12828893054;3;1;2000;"cod";"cormorant"
640.61334854731;4;1;2000;"cod";"cormorant"
629.544281147176;1;1;2001;"cod";"cormorant"
1537.15127920905;2;1;2001;"cod";"cormorant"
1797.66302173596;3;1;2001;"cod";"cormorant"
546.625356741492;4;1;2001;"cod";"cormorant"
1690.92033648822;1;1;2002;"cod";"cormorant"
3863.18926484115;2;1;2002;"cod";"cormorant"
4142.93725315173;3;1;2002;"cod";"cormorant"
1184.99613264297;4;1;2002;"cod";"cormorant"
555.430086431254;1;1;2003;"cod";"cormorant"
1324.79434238143;2;1;2003;"cod";"cormorant"
1523.53222460619;3;1;2003;"cod";"cormorant"
456.605011501158;4;1;2003;"cod";"cormorant"
1829.33424200112;1;1;2004;"cod";"cormorant"
3995.61493724709;2;1;2004;"cod";"cormorant"
4299.69191295832;3;1;2004;"cod";"cormorant"
1138.54606534865;4;1;2004;"cod";"cormorant"
566.774103798303;1;1;2005;"cod";"cormorant"
1346.63033060594;2;1;2005;"cod";"cormorant"
1568.81266705018;3;1;2005;"cod";"cormorant"
468.484658640494;4;1;2005;"cod";"cormorant"
522.901894177867;1;1;2006;"cod";"cormorant"
1187.89651253724;2;1;2006;"cod";"cormorant"
1360.11322321892;3;1;2006;"cod";"cormorant"
398.014784891338;4;1;2006;"cod";"cormorant"
268.287773097802;1;1;2007;"cod";"cormorant"
603.494114904592;2;1;2007;"cod";"cormorant"
700.727849695142;3;1;2007;"cod";"cormorant"
200.646386009814;4;1;2007;"cod";"cormorant"
182.966011277243;1;1;2008;"cod";"cormorant"
405.697666065891;2;1;2008;"cod";"cormorant"
475.352003085489;3;1;2008;"cod";"cormorant"
140.12389338673;4;1;2008;"cod";"cormorant"
691.600447337047;1;1;2009;"cod";"cormorant"
1521.40373339803;2;1;2009;"cod";"cormorant"
1638.78133452682;3;1;2009;"cod";"cormorant"
457.793542111104;4;1;2009;"cod";"cormorant"
188.206856667544;1;1;2010;"cod";"cormorant"
451.496999027721;2;1;2010;"cod";"cormorant"
534.615636183543;3;1;2010;"cod";"cormorant"
153.449391918376;4;1;2010;"cod";"cormorant"
273.877653693222;1;1;2011;"cod";"cormorant"
611.224010180072;2;1;2011;"cod";"cormorant"
696.543948417684;3;1;2011;"cod";"cormorant"
193.427851634845;4;1;2011;"cod";"cormorant"
213.589907338925;1;1;2012;"cod";"cormorant"
466.140118743645;2;1;2012;"cod";"cormorant"
520.546879476648;3;1;2012;"cod";"cormorant"
141.887449803715;4;1;2012;"cod";"cormorant"
364.025470522078;1;1;2013;"cod";"cormorant"
765.908974540382;2;1;2013;"cod";"cormorant"
809.915938585626;3;1;2013;"cod";"cormorant"
214.772227691288;4;1;2013;"cod";"cormorant"
206.992776942462;1;1;2014;"cod";"cormorant"
457.883216649757;2;1;2014;"cod";"cormorant"
497.847011572309;3;1;2014;"cod";"cormorant"
133.127826240333;4;1;2014;"cod";"cormorant"
150.66930622585;1;1;2015;"cod";"cormorant"
321.151679093954;2;1;2015;"cod";"cormorant"
346.98938611449;3;1;2015;"cod";"cormorant"
91.1036997262019;4;1;2015;"cod";"cormorant"
43.9231599039374;1;1;2016;"cod";"cormorant"
94.607600095447;2;1;2016;"cod";"cormorant"
103.546765911581;3;1;2016;"cod";"cormorant"
28.5745256547348;4;1;2016;"cod";"cormorant"
526.182129070297;1;1;2017;"cod";"cormorant"
1129.45497273187;2;1;2017;"cod";"cormorant"
1180.28692356788;3;1;2017;"cod";"cormorant"
308.434174789715;4;1;2017;"cod";"cormorant"
21.02026047247;1;1;2018;"cod";"cormorant"
48.0857590888849;2;1;2018;"cod";"cormorant"
54.6240046190548;3;1;2018;"cod";"cormorant"
15.002450348055;4;1;2018;"cod";"cormorant"
46.0194065321332;1;1;2019;"cod";"cormorant"
89.7110591560831;2;1;2019;"cod";"cormorant"
87.8035874141735;3;1;2019;"cod";"cormorant"
22.9952368267149;4;1;2019;"cod";"cormorant"
76.9108294745777;1;1;2020;"cod";"cormorant"
157.470833842616;2;1;2020;"cod";"cormorant"
155.13352195895;3;1;2020;"cod";"cormorant"
42.8091292017209;4;1;2020;"cod";"cormorant"
96.1955509476602;1;1;2021;"cod";"cormorant"
191.256217757111;2;1;2021;"cod";"cormorant"
169.934302009903;3;1;2021;"cod";"cormorant"
35.8385121438279;4;1;2021;"cod";"cormorant"
98.3420626647051;1;1;2022;"cod";"cormorant"
191.459832774952;2;1;2022;"cod";"cormorant"
167.361277237107;3;1;2022;"cod";"cormorant"
34.5503045191101;4;1;2022;"cod";"cormorant"
246.184417177142;1;1;2023;"cod";"cormorant"
496.765929605696;2;1;2023;"cod";"cormorant"
442.568322265839;3;1;2023;"cod";"cormorant"
92.2552554683219;4;1;2023;"cod";"cormorant"
36.38733147518;1;2;1985;"cod";"cormorant"
55.9816203231165;2;2;1985;"cod";"cormorant"
43.3520732981429;3;2;1985;"cod";"cormorant"
7.28019870310225;4;2;1985;"cod";"cormorant"
44.8665723120518;1;2;1986;"cod";"cormorant"
69.0268649704686;2;2;1986;"cod";"cormorant"
53.4542889696442;3;2;1986;"cod";"cormorant"
8.9766835960929;4;2;1986;"cod";"cormorant"
57.6082126654082;1;2;1987;"cod";"cormorant"
88.6297774028311;2;2;1987;"cod";"cormorant"
68.634751623633;3;2;1987;"cod";"cormorant"
11.5259684657233;4;2;1987;"cod";"cormorant"
66.6291126586284;1;2;1988;"cod";"cormorant"
102.508360357938;2;2;1988;"cod";"cormorant"
79.3823030891218;3;2;1988;"cod";"cormorant"
13.3308258644103;4;2;1988;"cod";"cormorant"
91.6061703545986;1;2;1989;"cod";"cormorant"
140.93536514333;2;2;1989;"cod";"cormorant"
109.140111428165;3;2;1989;"cod";"cormorant"
18.3281129880771;4;2;1989;"cod";"cormorant"
112.978918845501;1;2;1990;"cod";"cormorant"
173.81716885832;2;2;1990;"cod";"cormorant"
134.603725317861;3;2;1990;"cod";"cormorant"
22.6042676148963;4;2;1990;"cod";"cormorant"
137.566184512617;1;2;1991;"cod";"cormorant"
211.644481704798;2;2;1991;"cod";"cormorant"
163.897133220796;3;2;1991;"cod";"cormorant"
27.5235670624162;4;2;1991;"cod";"cormorant"
303.126158594509;1;2;1992;"cod";"cormorant"
510.630102463174;2;2;1992;"cod";"cormorant"
379.03506025506;3;2;1992;"cod";"cormorant"
70.3065216341022;4;2;1992;"cod";"cormorant"
759.142087732588;1;2;1993;"cod";"cormorant"
1460.66201324378;2;2;1993;"cod";"cormorant"
1258.58393437687;3;2;1993;"cod";"cormorant"
254.322720100293;4;2;1993;"cod";"cormorant"
295.312507771002;1;2;1994;"cod";"cormorant"
506.523910093212;2;2;1994;"cod";"cormorant"
398.004493074363;3;2;1994;"cod";"cormorant"
68.1673551048379;4;2;1994;"cod";"cormorant"
596.263626351296;1;2;1995;"cod";"cormorant"
989.860597264597;2;2;1995;"cod";"cormorant"
747.813906600995;3;2;1995;"cod";"cormorant"
125.543274544879;4;2;1995;"cod";"cormorant"
776.886957494306;1;2;1996;"cod";"cormorant"
1358.85890289065;2;2;1996;"cod";"cormorant"
1135.22660089578;3;2;1996;"cod";"cormorant"
208.406442589344;4;2;1996;"cod";"cormorant"
152.782448864921;1;2;1997;"cod";"cormorant"
243.278341526525;2;2;1997;"cod";"cormorant"
177.477093557475;3;2;1997;"cod";"cormorant"
28.3175984274004;4;2;1997;"cod";"cormorant"
396.903123386916;1;2;1998;"cod";"cormorant"
637.508362166678;2;2;1998;"cod";"cormorant"
472.726197163474;3;2;1998;"cod";"cormorant"
84.4056893353039;4;2;1998;"cod";"cormorant"
474.9709175299;1;2;1999;"cod";"cormorant"
836.852927874081;2;2;1999;"cod";"cormorant"
734.945143660273;3;2;1999;"cod";"cormorant"
142.985175003472;4;2;1999;"cod";"cormorant"
257.422288770152;1;2;2000;"cod";"cormorant"
464.631023007017;2;2;2000;"cod";"cormorant"
372.006690194411;3;2;2000;"cod";"cormorant"
72.2395237924578;4;2;2000;"cod";"cormorant"
288.6647555399;1;2;2001;"cod";"cormorant"
525.47051057198;2;2;2001;"cod";"cormorant"
440.373634757169;3;2;2001;"cod";"cormorant"
85.643801865965;4;2;2001;"cod";"cormorant"
278.233309015982;1;2;2002;"cod";"cormorant"
472.640184697768;2;2;2002;"cod";"cormorant"
361.363709685605;3;2;2002;"cod";"cormorant"
66.3869112337015;4;2;2002;"cod";"cormorant"
543.439354083824;1;2;2003;"cod";"cormorant"
965.016414544109;2;2;2003;"cod";"cormorant"
793.336421569724;3;2;2003;"cod";"cormorant"
152.111231952484;4;2;2003;"cod";"cormorant"
222.261815244891;1;2;2004;"cod";"cormorant"
361.863262413572;2;2;2004;"cod";"cormorant"
278.403510541161;3;2;2004;"cod";"cormorant"
47.478311699563;4;2;2004;"cod";"cormorant"
524.676548842696;1;2;2005;"cod";"cormorant"
948.417071997474;2;2;2005;"cod";"cormorant"
801.992980014247;3;2;2005;"cod";"cormorant"
156.806380586476;4;2;2005;"cod";"cormorant"
216.288799407598;1;2;2006;"cod";"cormorant"
380.664056542428;2;2;2006;"cod";"cormorant"
322.607670521972;3;2;2006;"cod";"cormorant"
62.8462213789105;4;2;2006;"cod";"cormorant"
197.387306121556;1;2;2007;"cod";"cormorant"
339.688132973748;2;2;2007;"cod";"cormorant"
288.520214671597;3;2;2007;"cod";"cormorant"
54.5190547749984;4;2;2007;"cod";"cormorant"
99.998128830386;1;2;2008;"cod";"cormorant"
165.51591200144;2;2;2008;"cod";"cormorant"
138.885772976645;3;2;2008;"cod";"cormorant"
26.3628635760526;4;2;2008;"cod";"cormorant"
67.1296737034872;1;2;2009;"cod";"cormorant"
110.597969262782;2;2;2009;"cod";"cormorant"
85.3427877661452;3;2;2009;"cod";"cormorant"
15.3991905673516;4;2;2009;"cod";"cormorant"
200.951504000316;1;2;2010;"cod";"cormorant"
363.446287545138;2;2;2010;"cod";"cormorant"
311.788706981397;3;2;2010;"cod";"cormorant"
58.1292225541615;4;2;2010;"cod";"cormorant"
69.612486657445;1;2;2011;"cod";"cormorant"
119.485860163342;2;2;2011;"cod";"cormorant"
100.024258853646;3;2;2011;"cod";"cormorant"
18.371568454868;4;2;2011;"cod";"cormorant"
99.6426131484136;1;2;2012;"cod";"cormorant"
167.70244388212;2;2;2012;"cod";"cormorant"
138.91682404029;3;2;2012;"cod";"cormorant"
25.0846630495316;4;2;2012;"cod";"cormorant"
57.6300347768873;1;2;2013;"cod";"cormorant"
92.1980061707907;2;2;2013;"cod";"cormorant"
71.0915805235868;3;2;2013;"cod";"cormorant"
12.3126151713589;4;2;2013;"cod";"cormorant"
125.247420143767;1;2;2014;"cod";"cormorant"
212.71873999396;2;2;2014;"cod";"cormorant"
169.447813669309;3;2;2014;"cod";"cormorant"
29.691376859828;4;2;2014;"cod";"cormorant"
59.0825786032727;1;2;2015;"cod";"cormorant"
97.5445753007458;2;2;2015;"cod";"cormorant"
78.1595886058987;3;2;2015;"cod";"cormorant"
13.663543916489;4;2;2015;"cod";"cormorant"
42.2457252729345;1;2;2016;"cod";"cormorant"
69.3821262901009;2;2;2016;"cod";"cormorant"
55.6623591267041;3;2;2016;"cod";"cormorant"
10.0902538575486;4;2;2016;"cod";"cormorant"
13.9915887144302;1;2;2017;"cod";"cormorant"
22.9128963106429;2;2;2017;"cod";"cormorant"
17.5175707463887;3;2;2017;"cod";"cormorant"
3.0198935021233;4;2;2017;"cod";"cormorant"
139.724611619969;1;2;2018;"cod";"cormorant"
246.182105887296;2;2;2018;"cod";"cormorant"
205.567987228278;3;2;2018;"cod";"cormorant"
37.3968758945443;4;2;2018;"cod";"cormorant"
6.85482013955316;1;2;2019;"cod";"cormorant"
10.3228733671727;2;2;2019;"cod";"cormorant"
7.50133194515981;3;2;2019;"cod";"cormorant"
1.30449886904166;4;2;2019;"cod";"cormorant"
11.2553799096737;1;2;2020;"cod";"cormorant"
18.1363236274192;2;2;2020;"cod";"cormorant"
13.4990146387936;3;2;2020;"cod";"cormorant"
2.51953055930228;4;2;2020;"cod";"cormorant"
18.2546532071703;1;2;2021;"cod";"cormorant"
29.6841366117253;2;2;2021;"cod";"cormorant"
20.5979174760937;3;2;2021;"cod";"cormorant"
3.05024186754334;4;2;2021;"cod";"cormorant"
14.5326328157465;1;2;2022;"cod";"cormorant"
24.2255288772413;2;2;2022;"cod";"cormorant"
17.365655383176;3;2;2022;"cod";"cormorant"
2.64564027817624;4;2;2022;"cod";"cormorant"
15.1767928746339;1;2;2023;"cod";"cormorant"
26.3267154057077;2;2;2023;"cod";"cormorant"
19.4380720543134;3;2;2023;"cod";"cormorant"
3.01092042194619;4;2;2023;"cod";"cormorant"
1.84908452791832;1;3;1985;"cod";"cormorant"
2.24162541447479;2;3;1985;"cod";"cormorant"
1.47730243575654;3;3;1985;"cod";"cormorant"
0.223889012680706;4;3;1985;"cod";"cormorant"
2.27997166375151;1;3;1986;"cod";"cormorant"
2.76398528492447;2;3;1986;"cod";"cormorant"
1.82155420234242;3;3;1986;"cod";"cormorant"
0.276061260061476;4;3;1986;"cod";"cormorant"
2.92745992635636;1;3;1987;"cod";"cormorant"
3.54892838682969;2;3;1987;"cod";"cormorant"
2.33885666906458;3;3;1987;"cod";"cormorant"
0.354459789521969;4;3;1987;"cod";"cormorant"
3.38587239930013;1;3;1988;"cod";"cormorant"
4.10465692933166;2;3;1988;"cod";"cormorant"
2.70509945171519;3;3;1988;"cod";"cormorant"
0.409964832378741;4;3;1988;"cod";"cormorant"
4.6551243357892;1;3;1989;"cod";"cormorant"
5.64335748912074;2;3;1989;"cod";"cormorant"
3.71915205399127;3;3;1989;"cod";"cormorant"
0.56364713224825;4;3;1989;"cod";"cormorant"
5.74121713104058;1;3;1990;"cod";"cormorant"
6.96001617916685;2;3;1990;"cod";"cormorant"
4.58687200278604;3;3;1990;"cod";"cormorant"
0.695152339250448;4;3;1990;"cod";"cormorant"
6.99066111843202;1;3;1991;"cod";"cormorant"
8.47470377392622;2;3;1991;"cod";"cormorant"
5.58509929745316;3;3;1991;"cod";"cormorant"
0.846436272739329;4;3;1991;"cod";"cormorant"
9.64266756269831;1;3;1992;"cod";"cormorant"
12.7427797109466;2;3;1992;"cod";"cormorant"
7.99950351390882;3;3;1992;"cod";"cormorant"
1.33161392323322;4;3;1992;"cod";"cormorant"
27.2636713466058;1;3;1993;"cod";"cormorant"
41.7760001426521;2;3;1993;"cod";"cormorant"
30.888735211744;3;3;1993;"cod";"cormorant"
5.71626484027941;4;3;1993;"cod";"cormorant"
84.3051487092919;1;3;1994;"cod";"cormorant"
117.198815643501;2;3;1994;"cod";"cormorant"
80.5305779512165;3;3;1994;"cod";"cormorant"
12.7731046525503;4;3;1994;"cod";"cormorant"
21.1681627502481;1;3;1995;"cod";"cormorant"
28.3910401647814;2;3;1995;"cod";"cormorant"
18.6928226662928;3;3;1995;"cod";"cormorant"
2.9042908230955;4;3;1995;"cod";"cormorant"
38.2969441546663;1;3;1996;"cod";"cormorant"
54.4827170879411;2;3;1996;"cod";"cormorant"
39.8658904583742;3;3;1996;"cod";"cormorant"
6.78460523442523;4;3;1996;"cod";"cormorant"
54.7446980206594;1;3;1997;"cod";"cormorant"
70.7644966598541;2;3;1997;"cod";"cormorant"
45.1097050957424;3;3;1997;"cod";"cormorant"
6.63939687311298;4;3;1997;"cod";"cormorant"
9.22671619130469;1;3;1998;"cod";"cormorant"
12.0267027001419;2;3;1998;"cod";"cormorant"
7.77231540176095;3;3;1998;"cod";"cormorant"
1.28284929106046;4;3;1998;"cod";"cormorant"
27.044638017461;1;3;1999;"cod";"cormorant"
38.0573931614127;2;3;1999;"cod";"cormorant"
28.8502796809109;3;3;1999;"cod";"cormorant"
5.10260333573727;4;3;1999;"cod";"cormorant"
54.2493409198841;1;3;2000;"cod";"cormorant"
78.1625676195181;2;3;2000;"cod";"cormorant"
54.060770854739;3;3;2000;"cod";"cormorant"
9.6073521726716;4;3;2000;"cod";"cormorant"
22.5588983864616;1;3;2001;"cod";"cormorant"
32.5452797866839;2;3;2001;"cod";"cormorant"
23.2938375440333;3;3;2001;"cod";"cormorant"
4.11040281015621;4;3;2001;"cod";"cormorant"
29.6152235871125;1;3;2002;"cod";"cormorant"
39.9591059916234;2;3;2002;"cod";"cormorant"
26.2486393774543;3;3;2002;"cod";"cormorant"
4.364650315137;4;3;2002;"cod";"cormorant"
20.6638583181128;1;3;2003;"cod";"cormorant"
29.2781147441095;2;3;2003;"cod";"cormorant"
20.7031803446727;3;3;2003;"cod";"cormorant"
3.6297822482993;4;3;2003;"cod";"cormorant"
49.9031052764606;1;3;2004;"cod";"cormorant"
65.4722110037981;2;3;2004;"cod";"cormorant"
43.846346583918;3;3;2004;"cod";"cormorant"
6.86424136110933;4;3;2004;"cod";"cormorant"
15.5905530546177;1;3;2005;"cod";"cormorant"
22.8557695408892;2;3;2005;"cod";"cormorant"
17.0233176568744;3;3;2005;"cod";"cormorant"
3.1012732043264;4;3;2005;"cod";"cormorant"
51.4517926597538;1;3;2006;"cod";"cormorant"
74.8359709826501;2;3;2006;"cod";"cormorant"
56.8689776755807;3;3;2006;"cod";"cormorant"
10.4652939745829;4;3;2006;"cod";"cormorant"
22.0655445748279;1;3;2007;"cod";"cormorant"
31.0553887666933;2;3;2007;"cod";"cormorant"
23.3064422458776;3;3;2007;"cod";"cormorant"
4.11433612867634;4;3;2007;"cod";"cormorant"
18.356027554621;1;3;2008;"cod";"cormorant"
24.542785238318;2;3;2008;"cod";"cormorant"
17.9557829482184;3;3;2008;"cod";"cormorant"
3.14838126052514;4;3;2008;"cod";"cormorant"
8.80075511303131;1;3;2009;"cod";"cormorant"
11.7453297911369;2;3;2009;"cod";"cormorant"
7.95956155754366;3;3;2009;"cod";"cormorant"
1.32988462307956;4;3;2009;"cod";"cormorant"
4.69136618649048;1;3;2010;"cod";"cormorant"
6.9443865825234;2;3;2010;"cod";"cormorant"
5.26853467938381;3;3;2010;"cod";"cormorant"
0.918627668197705;4;3;2010;"cod";"cormorant"
18.79278071614;1;3;2011;"cod";"cormorant"
26.6915956739584;2;3;2011;"cod";"cormorant"
20.0834088351035;3;3;2011;"cod";"cormorant"
3.49103067421578;4;3;2011;"cod";"cormorant"
6.73921048864288;1;3;2012;"cod";"cormorant"
9.42074645329184;2;3;2012;"cod";"cormorant"
6.98701917632475;3;3;2012;"cod";"cormorant"
1.20270311328354;4;3;2012;"cod";"cormorant"
6.94364691655202;1;3;2013;"cod";"cormorant"
9.01477271497326;2;3;2013;"cod";"cormorant"
6.10901598756295;3;3;2013;"cod";"cormorant"
0.983757500921056;4;3;2013;"cod";"cormorant"
4.87658198189235;1;3;2014;"cod";"cormorant"
6.78198356215426;2;3;2014;"cod";"cormorant"
4.8008802599308;3;3;2014;"cod";"cormorant"
0.792599057099626;4;3;2014;"cod";"cormorant"
9.72656616997087;1;3;2015;"cod";"cormorant"
13.196761498991;2;3;2015;"cod";"cormorant"
9.38351628198103;3;3;2015;"cod";"cormorant"
1.54241884418773;4;3;2015;"cod";"cormorant"
4.49910813160083;1;3;2016;"cod";"cormorant"
5.99454669250294;2;3;2016;"cod";"cormorant"
4.20113060980062;3;3;2016;"cod";"cormorant"
0.703373577251833;4;3;2016;"cod";"cormorant"
3.38934741672821;1;3;2017;"cod";"cormorant"
4.52924013894887;2;3;2017;"cod";"cormorant"
3.06125101685342;3;3;2017;"cod";"cormorant"
0.490572723319029;4;3;2017;"cod";"cormorant"
0.959828773930358;1;3;2018;"cod";"cormorant"
1.37844333182334;2;3;2018;"cod";"cormorant"
1.01876320357936;3;3;2018;"cod";"cormorant"
0.172889868291767;4;3;2018;"cod";"cormorant"
12.1682808822383;1;3;2019;"cod";"cormorant"
14.8921760145527;2;3;2019;"cod";"cormorant"
9.49640887425597;3;3;2019;"cod";"cormorant"
1.53326430620679;4;3;2019;"cod";"cormorant"
0.437936550762262;1;3;2020;"cod";"cormorant"
0.586435799701211;2;3;2020;"cod";"cormorant"
0.391720867273656;3;3;2020;"cod";"cormorant"
0.0697272475372853;4;3;2020;"cod";"cormorant"
0.795561366945483;1;3;2021;"cod";"cormorant"
1.11292665324929;2;3;2021;"cod";"cormorant"
0.720545758083227;3;3;2021;"cod";"cormorant"
0.105206787781708;4;3;2021;"cod";"cormorant"
0.941151604053817;1;3;2022;"cod";"cormorant"
1.43127142239973;2;3;2022;"cod";"cormorant"
1.0170905473538;3;3;2022;"cod";"cormorant"
0.160715077596451;4;3;2022;"cod";"cormorant"
0.922154770426818;1;3;2023;"cod";"cormorant"
1.47382225801964;2;3;2023;"cod";"cormorant"
1.08209807605466;3;3;2023;"cod";"cormorant"
0.176246063605788;4;3;2023;"cod";"cormorant"
0.0801385221494985;1;4;1985;"cod";"cormorant"
0.0979242074749868;2;4;1985;"cod";"cormorant"
0.0654779144762965;3;4;1985;"cod";"cormorant"
0.0104300972361031;4;4;1985;"cod";"cormorant"
0.0988129838939681;1;4;1986;"cod";"cormorant"
0.120743219072652;2;4;1986;"cod";"cormorant"
0.0807360547089574;3;4;1986;"cod";"cormorant"
0.0128605944127712;4;4;1986;"cod";"cormorant"
0.12687484460983;1;4;1987;"cod";"cormorant"
0.155033038714546;2;4;1987;"cod";"cormorant"
0.103664255363459;3;4;1987;"cod";"cormorant"
0.0165128695988099;4;4;1987;"cod";"cormorant"
0.146742242536721;1;4;1988;"cod";"cormorant"
0.179309742906216;2;4;1988;"cod";"cormorant"
0.11989709504444;3;4;1988;"cod";"cormorant"
0.0190986284404723;4;4;1988;"cod";"cormorant"
0.2017510714409;1;4;1989;"cod";"cormorant"
0.24652705400811;2;4;1989;"cod";"cormorant"
0.164842563189083;3;4;1989;"cod";"cormorant"
0.026258074596023;4;4;1989;"cod";"cormorant"
0.248821862534831;1;4;1990;"cod";"cormorant"
0.304044584771843;2;4;1990;"cod";"cormorant"
0.203302184740755;3;4;1990;"cod";"cormorant"
0.0323843783376135;4;4;1990;"cod";"cormorant"
0.302972223508783;1;4;1991;"cod";"cormorant"
0.370212902337853;2;4;1991;"cod";"cormorant"
0.247546233789958;3;4;1991;"cod";"cormorant"
0.0394320941574134;4;4;1991;"cod";"cormorant"
0.292095498579726;1;4;1992;"cod";"cormorant"
0.390438851244719;2;4;1992;"cod";"cormorant"
0.247877062899896;3;4;1992;"cod";"cormorant"
0.0426766348793506;4;4;1992;"cod";"cormorant"
0.500660582359404;1;4;1993;"cod";"cormorant"
0.778905536495127;2;4;1993;"cod";"cormorant"
0.587104185631202;3;4;1993;"cod";"cormorant"
0.11436148032721;4;4;1993;"cod";"cormorant"
1.91085447159968;1;4;1994;"cod";"cormorant"
2.70315391590421;2;4;1994;"cod";"cormorant"
1.9093000288959;3;4;1994;"cod";"cormorant"
0.321036732048124;4;4;1994;"cod";"cormorant"
3.96100683484725;1;4;1995;"cod";"cormorant"
5.42724236073986;2;4;1995;"cod";"cormorant"
3.69474053871005;3;4;1995;"cod";"cormorant"
0.602499914406458;4;4;1995;"cod";"cormorant"
0.904789015925811;1;4;1996;"cod";"cormorant"
1.30863311283034;2;4;1996;"cod";"cormorant"
0.989792826953573;3;4;1996;"cod";"cormorant"
0.177852184512333;4;4;1996;"cod";"cormorant"
1.744011879578;1;4;1997;"cod";"cormorant"
2.32357556484837;2;4;1997;"cod";"cormorant"
1.51759484756301;3;4;1997;"cod";"cormorant"
0.237324874480834;4;4;1997;"cod";"cormorant"
2.14264387030208;1;4;1998;"cod";"cormorant"
2.8516620027816;2;4;1998;"cod";"cormorant"
1.90048410304421;3;4;1998;"cod";"cormorant"
0.330577225659418;4;4;1998;"cod";"cormorant"
0.407311918326492;1;4;1999;"cod";"cormorant"
0.582410432794164;2;4;1999;"cod";"cormorant"
0.448876074973527;3;4;1999;"cod";"cormorant"
0.0837974313530456;4;4;1999;"cod";"cormorant"
1.91264405923357;1;4;2000;"cod";"cormorant"
2.80778343536135;2;4;2000;"cod";"cormorant"
1.96333001027804;3;4;2000;"cod";"cormorant"
0.369071725262731;4;4;2000;"cod";"cormorant"
2.98759766066341;1;4;2001;"cod";"cormorant"
4.36810078465157;2;4;2001;"cod";"cormorant"
3.19398185241539;3;4;2001;"cod";"cormorant"
0.588104042991096;4;4;2001;"cod";"cormorant"
1.38832322272359;1;4;2002;"cod";"cormorant"
1.89478932778502;2;4;2002;"cod";"cormorant"
1.26551584513449;3;4;2002;"cod";"cormorant"
0.221195291547981;4;4;2002;"cod";"cormorant"
1.33393248733356;1;4;2003;"cod";"cormorant"
1.92220815330491;2;4;2003;"cod";"cormorant"
1.38012374222537;3;4;2003;"cod";"cormorant"
0.256756225669593;4;4;2003;"cod";"cormorant"
1.16303126283366;1;4;2004;"cod";"cormorant"
1.56359680822973;2;4;2004;"cod";"cormorant"
1.06203632534438;3;4;2004;"cod";"cormorant"
0.17554433248476;4;4;2004;"cod";"cormorant"
2.30135638401039;1;4;2005;"cod";"cormorant"
3.48466345569573;2;4;2005;"cod";"cormorant"
2.65075238840788;3;4;2005;"cod";"cormorant"
0.511786279727737;4;4;2005;"cod";"cormorant"
1.0221767642451;1;4;2006;"cod";"cormorant"
1.5540672172987;2;4;2006;"cod";"cormorant"
1.21355652115094;3;4;2006;"cod";"cormorant"
0.239668296337164;4;4;2006;"cod";"cormorant"
3.71701341698753;1;4;2007;"cod";"cormorant"
5.41608889376022;2;4;2007;"cod";"cormorant"
4.19225169072272;3;4;2007;"cod";"cormorant"
0.783058670651095;4;4;2007;"cod";"cormorant"
1.35557229147947;1;4;2008;"cod";"cormorant"
1.84377128932387;2;4;2008;"cod";"cormorant"
1.37523423533254;3;4;2008;"cod";"cormorant"
0.256978616691827;4;4;2008;"cod";"cormorant"
1.0606840686492;1;4;2009;"cod";"cormorant"
1.44605128566822;2;4;2009;"cod";"cormorant"
1.01134900697396;3;4;2009;"cod";"cormorant"
0.178520568587087;4;4;2009;"cod";"cormorant"
0.407454228713873;1;4;2010;"cod";"cormorant"
0.613200709091023;2;4;2010;"cod";"cormorant"
0.482189822030203;3;4;2010;"cod";"cormorant"
0.0899000447586143;4;4;2010;"cod";"cormorant"
0.304415816409414;1;4;2011;"cod";"cormorant"
0.448837582453586;2;4;2011;"cod";"cormorant"
0.351927269410731;3;4;2011;"cod";"cormorant"
0.0649096396285991;4;4;2011;"cod";"cormorant"
1.31486629526229;1;4;2012;"cod";"cormorant"
1.90140785720036;2;4;2012;"cod";"cormorant"
1.46829081174765;3;4;2012;"cod";"cormorant"
0.268655557546563;4;4;2012;"cod";"cormorant"
0.326939807785056;1;4;2013;"cod";"cormorant"
0.437661517267308;2;4;2013;"cod";"cormorant"
0.304881223140177;3;4;2013;"cod";"cormorant"
0.0522378739131292;4;4;2013;"cod";"cormorant"
0.38264250023027;1;4;2014;"cod";"cormorant"
0.549727836520632;2;4;2014;"cod";"cormorant"
0.405611327014607;3;4;2014;"cod";"cormorant"
0.0720476610413396;4;4;2014;"cod";"cormorant"
0.275325392397004;1;4;2015;"cod";"cormorant"
0.382558383308464;2;4;2015;"cod";"cormorant"
0.280512664404194;3;4;2015;"cod";"cormorant"
0.0490865334640734;4;4;2015;"cod";"cormorant"
0.516016177338803;1;4;2016;"cod";"cormorant"
0.704755165735675;2;4;2016;"cod";"cormorant"
0.502900744611983;3;4;2016;"cod";"cormorant"
0.0896101578458139;4;4;2016;"cod";"cormorant"
0.234131586400314;1;4;2017;"cod";"cormorant"
0.320184706995237;2;4;2017;"cod";"cormorant"
0.223138008791003;3;4;2017;"cod";"cormorant"
0.0378132758227382;4;4;2017;"cod";"cormorant"
0.156248804436472;1;4;2018;"cod";"cormorant"
0.231626723840515;2;4;2018;"cod";"cormorant"
0.177123141521575;3;4;2018;"cod";"cormorant"
0.032044080483667;4;4;2018;"cod";"cormorant"
0.0575223327738978;1;4;2019;"cod";"cormorant"
0.0719662624550084;2;4;2019;"cod";"cormorant"
0.0474293240883415;3;4;2019;"cod";"cormorant"
0.00809410411312489;4;4;2019;"cod";"cormorant"
0.501858975411939;1;4;2020;"cod";"cormorant"
0.702748477925963;2;4;2020;"cod";"cormorant"
0.488570758850261;3;4;2020;"cod";"cormorant"
0.0942021010328345;4;4;2020;"cod";"cormorant"
0.023157745369908;1;4;2021;"cod";"cormorant"
0.0342159978701149;2;4;2021;"cod";"cormorant"
0.0236526259599375;3;4;2021;"cod";"cormorant"
0.00375416745778597;4;4;2021;"cod";"cormorant"
0.0345329594592789;1;4;2022;"cod";"cormorant"
0.0573372233313994;2;4;2022;"cod";"cormorant"
0.0445534204688398;3;4;2022;"cod";"cormorant"
0.00798963911152286;4;4;2022;"cod";"cormorant"
0.0621608672594079;1;4;2023;"cod";"cormorant"
0.109217939487689;2;4;2023;"cod";"cormorant"
0.088033084029562;3;4;2023;"cod";"cormorant"
0.016279518337004;4;4;2023;"cod";"cormorant"
0.0134929851248957;1;5;1985;"cod";"cormorant"
0.0179225472123102;2;5;1985;"cod";"cormorant"
0.0130083871948493;3;5;1985;"cod";"cormorant"
0.00223459931091925;4;5;1985;"cod";"cormorant"
0.0166372187315937;1;5;1986;"cod";"cormorant"
0.0220989896185648;2;5;1986;"cod";"cormorant"
0.0160396962645909;3;5;1986;"cod";"cormorant"
0.00275532190757673;4;5;1986;"cod";"cormorant"
0.0213620159834032;1;5;1987;"cod";"cormorant"
0.028374873052091;2;5;1987;"cod";"cormorant"
0.0205948033442907;3;5;1987;"cod";"cormorant"
0.00353780470033147;4;5;1987;"cod";"cormorant"
0.0247071051803045;1;5;1988;"cod";"cormorant"
0.0328181091859718;2;5;1988;"cod";"cormorant"
0.0238197543148741;3;5;1988;"cod";"cormorant"
0.00409179137897734;4;5;1988;"cod";"cormorant"
0.0339689843644175;1;5;1989;"cod";"cormorant"
0.0451205363668705;2;5;1989;"cod";"cormorant"
0.0327489949138693;3;5;1989;"cod";"cormorant"
0.0056256690680922;4;5;1989;"cod";"cormorant"
0.0418943299661577;1;5;1990;"cod";"cormorant"
0.0556476643082615;2;5;1990;"cod";"cormorant"
0.0403897032735199;3;5;1990;"cod";"cormorant"
0.00693820085083086;4;5;1990;"cod";"cormorant"
0.0510116682390827;1;5;1991;"cod";"cormorant"
0.0677580997778451;2;5;1991;"cod";"cormorant"
0.0491795941199714;3;5;1991;"cod";"cormorant"
0.00844814084064859;4;5;1991;"cod";"cormorant"
0.014832421248364;1;5;1992;"cod";"cormorant"
0.0215376379311915;2;5;1992;"cod";"cormorant"
0.0148134583168665;3;5;1992;"cod";"cormorant"
0.00280368634091454;4;5;1992;"cod";"cormorant"
0.0173724337710743;1;5;1993;"cod";"cormorant"
0.02948720093865;2;5;1993;"cod";"cormorant"
0.0240666509402938;3;5;1993;"cod";"cormorant"
0.0051510289736229;4;5;1993;"cod";"cormorant"
0.0414614190692934;1;5;1994;"cod";"cormorant"
0.0652674170168962;2;5;1994;"cod";"cormorant"
0.0496070095820199;3;5;1994;"cod";"cormorant"
0.00917754903726767;4;5;1994;"cod";"cormorant"
0.108680462562577;1;5;1995;"cod";"cormorant"
0.164601606059672;2;5;1995;"cod";"cormorant"
0.11848371953197;3;5;1995;"cod";"cormorant"
0.0214101473189704;4;5;1995;"cod";"cormorant"
0.206019955768235;1;5;1996;"cod";"cormorant"
0.330588563142164;2;5;1996;"cod";"cormorant"
0.267056176265957;3;5;1996;"cod";"cormorant"
0.054102942400673;4;5;1996;"cod";"cormorant"
0.0490017416311373;1;5;1997;"cod";"cormorant"
0.0722174860475659;2;5;1997;"cod";"cormorant"
0.0508650113311364;3;5;1997;"cod";"cormorant"
0.00876531314215609;4;5;1997;"cod";"cormorant"
0.082837719385201;1;5;1998;"cod";"cormorant"
0.121128653660017;2;5;1998;"cod";"cormorant"
0.0873102684990638;3;5;1998;"cod";"cormorant"
0.0167850779389682;4;5;1998;"cod";"cormorant"
0.115224884645217;1;5;1999;"cod";"cormorant"
0.177823118280806;2;5;1999;"cod";"cormorant"
0.149871624475954;3;5;1999;"cod";"cormorant"
0.0306037654460426;4;5;1999;"cod";"cormorant"
0.0336518584455022;1;5;2000;"cod";"cormorant"
0.0538687321018143;2;5;2000;"cod";"cormorant"
0.0415560747890662;3;5;2000;"cod";"cormorant"
0.00854460305635698;4;5;2000;"cod";"cormorant"
0.125797220736601;1;5;2001;"cod";"cormorant"
0.198848430675667;2;5;2001;"cod";"cormorant"
0.157485331146091;3;5;2001;"cod";"cormorant"
0.0318896131840441;4;5;2001;"cod";"cormorant"
0.21389837370855;1;5;2002;"cod";"cormorant"
0.321163201631674;2;5;2002;"cod";"cormorant"
0.230583674585017;3;5;2002;"cod";"cormorant"
0.0440868848150897;4;5;2002;"cod";"cormorant"
0.0730565552941444;1;5;2003;"cod";"cormorant"
0.114141143691444;2;5;2003;"cod";"cormorant"
0.0902082739784092;3;5;2003;"cod";"cormorant"
0.0182208143361201;4;5;2003;"cod";"cormorant"
0.0880473707873324;1;5;2004;"cod";"cormorant"
0.127769897409736;2;5;2004;"cod";"cormorant"
0.0949407638651198;3;5;2004;"cod";"cormorant"
0.0173865630478273;4;5;2004;"cod";"cormorant"
0.0661513331203694;1;5;2005;"cod";"cormorant"
0.106306931126832;2;5;2005;"cod";"cormorant"
0.0885961769172021;3;5;2005;"cod";"cormorant"
0.0189956360513155;4;5;2005;"cod";"cormorant"
0.185373245385081;1;5;2006;"cod";"cormorant"
0.305502036773961;2;5;2006;"cod";"cormorant"
0.259811536617266;3;5;2006;"cod";"cormorant"
0.0567257407969399;4;5;2006;"cod";"cormorant"
0.0939181921724824;1;5;2007;"cod";"cormorant"
0.149251192306548;2;5;2007;"cod";"cormorant"
0.124040713173701;3;5;2007;"cod";"cormorant"
0.0255362034755287;4;5;2007;"cod";"cormorant"
0.277242094676947;1;5;2008;"cod";"cormorant"
0.413813953864149;2;5;2008;"cod";"cormorant"
0.334876156314017;3;5;2008;"cod";"cormorant"
0.0682406078876177;4;5;2008;"cod";"cormorant"
0.09412413663902;1;5;2009;"cod";"cormorant"
0.142423304676099;2;5;2009;"cod";"cormorant"
0.105963058221515;3;5;2009;"cod";"cormorant"
0.0205365304153694;4;5;2009;"cod";"cormorant"
0.0596256292224217;1;5;2010;"cod";"cormorant"
0.0989177782708082;2;5;2010;"cod";"cormorant"
0.0825796946068999;3;5;2010;"cod";"cormorant"
0.0166607975108438;4;5;2010;"cod";"cormorant"
0.0325301016766562;1;5;2011;"cod";"cormorant"
0.0527642458499831;2;5;2011;"cod";"cormorant"
0.0440221078784698;3;5;2011;"cod";"cormorant"
0.00910010136624771;4;5;2011;"cod";"cormorant"
0.0269915088577231;1;5;2012;"cod";"cormorant"
0.0423708306379855;2;5;2012;"cod";"cormorant"
0.035458691104667;3;5;2012;"cod";"cormorant"
0.00721566199543256;4;5;2012;"cod";"cormorant"
0.0793722838058189;1;5;2013;"cod";"cormorant"
0.114524440831929;2;5;2013;"cod";"cormorant"
0.0867556272188007;3;5;2013;"cod";"cormorant"
0.0164393405938616;4;5;2013;"cod";"cormorant"
0.0215954638710218;1;5;2014;"cod";"cormorant"
0.0346105128389609;2;5;2014;"cod";"cormorant"
0.0272149356328965;3;5;2014;"cod";"cormorant"
0.00531954303488044;4;5;2014;"cod";"cormorant"
0.027770203013368;1;5;2015;"cod";"cormorant"
0.0427383363160109;2;5;2015;"cod";"cormorant"
0.034022917997576;3;5;2015;"cod";"cormorant"
0.00654640523151128;4;5;2015;"cod";"cormorant"
0.0181885112553566;1;5;2016;"cod";"cormorant"
0.0272763402098305;2;5;2016;"cod";"cormorant"
0.021241624687252;3;5;2016;"cod";"cormorant"
0.00414240581420662;4;5;2016;"cod";"cormorant"
0.0320130719112392;1;5;2017;"cod";"cormorant"
0.0480754103946765;2;5;2017;"cod";"cormorant"
0.0358136925266654;3;5;2017;"cod";"cormorant"
0.00673158481020625;4;5;2017;"cod";"cormorant"
0.0133371250315037;1;5;2018;"cod";"cormorant"
0.0217720492113929;2;5;2018;"cod";"cormorant"
0.0176746087674947;3;5;2018;"cod";"cormorant"
0.00355078034007429;4;5;2018;"cod";"cormorant"
0.01166062589962;1;5;2019;"cod";"cormorant"
0.0161633526406354;2;5;2019;"cod";"cormorant"
0.0114022123544916;3;5;2019;"cod";"cormorant"
0.00220024993069643;4;5;2019;"cod";"cormorant"
0.00283758131090953;1;5;2020;"cod";"cormorant"
0.00434648812615035;2;5;2020;"cod";"cormorant"
0.00330724356092085;3;5;2020;"cod";"cormorant"
0.000695291045468994;4;5;2020;"cod";"cormorant"
0.0344100784473994;1;5;2021;"cod";"cormorant"
0.0567475480077438;2;5;2021;"cod";"cormorant"
0.0428598364053945;3;5;2021;"cod";"cormorant"
0.0074536468924391;4;5;2021;"cod";"cormorant"
0.00136257166723057;1;5;2022;"cod";"cormorant"
0.00251922801326371;2;5;2022;"cod";"cormorant"
0.00213329138827561;3;5;2022;"cod";"cormorant"
0.000420119356406272;4;5;2022;"cod";"cormorant"
0.00352455235244717;1;5;2023;"cod";"cormorant"
0.00670785581202252;2;5;2023;"cod";"cormorant"
0.00596959582025695;3;5;2023;"cod";"cormorant"
0.00122005890030923;4;5;2023;"cod";"cormorant"
0.00326212794340401;1;6;1985;"cod";"cormorant"
0.00464123979930045;2;6;1985;"cod";"cormorant"
0.00352027155077749;3;6;1985;"cod";"cormorant"
0.000672129935849092;4;6;1985;"cod";"cormorant"
0.00402229274119027;1;6;1986;"cod";"cormorant"
0.00572277528004288;2;6;1986;"cod";"cormorant"
0.00434059085093257;3;6;1986;"cod";"cormorant"
0.000828754545807727;4;6;1986;"cod";"cormorant"
0.00516458208631138;1;6;1987;"cod";"cormorant"
0.00734798399744246;2;6;1987;"cod";"cormorant"
0.00557327355196422;3;6;1987;"cod";"cormorant"
0.00106411222569572;4;6;1987;"cod";"cormorant"
0.00597330668219467;1;6;1988;"cod";"cormorant"
0.0084986086345528;2;6;1988;"cod";"cormorant"
0.00644599535708485;3;6;1988;"cod";"cormorant"
0.00123074211274528;4;6;1988;"cod";"cormorant"
0.00821250242837396;1;6;1989;"cod";"cormorant"
0.0116844568280933;2;6;1989;"cod";"cormorant"
0.00886238650380104;3;6;1989;"cod";"cormorant"
0.00169210675550131;4;6;1989;"cod";"cormorant"
0.0101285714901317;1;6;1990;"cod";"cormorant"
0.0144105718493082;2;6;1990;"cod";"cormorant"
0.0109300808200431;3;6;1990;"cod";"cormorant"
0.00208689426779545;4;6;1990;"cod";"cormorant"
0.0123328223415389;1;6;1991;"cod";"cormorant"
0.0175467016874645;2;6;1991;"cod";"cormorant"
0.0133087617600949;3;6;1991;"cod";"cormorant"
0.00254105885270919;4;6;1991;"cod";"cormorant"
0.00350619882983935;1;6;1992;"cod";"cormorant"
0.00552027685650924;2;6;1992;"cod";"cormorant"
0.00399957797432324;3;6;1992;"cod";"cormorant"
0.000817116340008777;4;6;1992;"cod";"cormorant"
0.00123274305889554;1;6;1993;"cod";"cormorant"
0.00226656848967047;2;6;1993;"cod";"cormorant"
0.0019376771569576;3;6;1993;"cod";"cormorant"
0.000450642454633723;4;6;1993;"cod";"cormorant"
0.00209692986151082;1;6;1994;"cod";"cormorant"
0.00344837874060054;2;6;1994;"cod";"cormorant"
0.00278241500700883;3;6;1994;"cod";"cormorant"
0.000539445987128451;4;6;1994;"cod";"cormorant"
0.00340041605740197;1;6;1995;"cod";"cormorant"
0.00547267949587591;2;6;1995;"cod";"cormorant"
0.00428091059841228;3;6;1995;"cod";"cormorant"
0.000814757753628598;4;6;1995;"cod";"cormorant"
0.00823391406999629;1;6;1996;"cod";"cormorant"
0.013765077956627;2;6;1996;"cod";"cormorant"
0.0121028518243522;3;6;1996;"cod";"cormorant"
0.00260093015250631;4;6;1996;"cod";"cormorant"
0.0162885933976879;1;6;1997;"cod";"cormorant"
0.0251438090922957;2;6;1997;"cod";"cormorant"
0.0187430269862585;3;6;1997;"cod";"cormorant"
0.00345653803305666;4;6;1997;"cod";"cormorant"
0.00331329254225126;1;6;1998;"cod";"cormorant"
0.00522573942868914;2;6;1998;"cod";"cormorant"
0.0040073003747506;3;6;1998;"cod";"cormorant"
0.000824498109109808;4;6;1998;"cod";"cormorant"
0.0063454617918429;1;6;1999;"cod";"cormorant"
0.010540483445718;2;6;1999;"cod";"cormorant"
0.00939915058664902;3;6;1999;"cod";"cormorant"
0.00206837668262061;4;6;1999;"cod";"cormorant"
0.0136098546438248;1;6;2000;"cod";"cormorant"
0.023192817508769;2;6;2000;"cod";"cormorant"
0.0190852214041324;3;6;2000;"cod";"cormorant"
0.00422580763101386;4;6;2000;"cod";"cormorant"
0.00319777987598119;1;6;2001;"cod";"cormorant"
0.00547540517644359;2;6;2001;"cod";"cormorant"
0.00452802648722559;3;6;2001;"cod";"cormorant"
0.00100900783831915;4;6;2001;"cod";"cormorant"
0.0128024389290974;1;6;2002;"cod";"cormorant"
0.0202995699329413;2;6;2002;"cod";"cormorant"
0.0156042095856706;3;6;2002;"cod";"cormorant"
0.00318986217984228;4;6;2002;"cod";"cormorant"
0.0160592012668204;1;6;2003;"cod";"cormorant"
0.0268062054210325;2;6;2003;"cod";"cormorant"
0.0223082140378919;3;6;2003;"cod";"cormorant"
0.00483724416545776;4;6;2003;"cod";"cormorant"
0.00685501668930185;1;6;2004;"cod";"cormorant"
0.0106361732028305;2;6;2004;"cod";"cormorant"
0.00843571810070381;3;6;2004;"cod";"cormorant"
0.00161608188298162;4;6;2004;"cod";"cormorant"
0.00728580517944451;1;6;2005;"cod";"cormorant"
0.0125862929340198;2;6;2005;"cod";"cormorant"
0.0110969765912886;3;6;2005;"cod";"cormorant"
0.0025451902827139;4;6;2005;"cod";"cormorant"
0.00753369119909653;1;6;2006;"cod";"cormorant"
0.0134371821408118;2;6;2006;"cod";"cormorant"
0.0120297521654699;3;6;2006;"cod";"cormorant"
0.00281051258844624;4;6;2006;"cod";"cormorant"
0.0245702615053808;1;6;2007;"cod";"cormorant"
0.0410199077272353;2;6;2007;"cod";"cormorant"
0.0361665873631038;3;6;2007;"cod";"cormorant"
0.00810451595518457;4;6;2007;"cod";"cormorant"
0.0098170215789559;1;6;2008;"cod";"cormorant"
0.0155076102908524;2;6;2008;"cod";"cormorant"
0.0133607269907671;3;6;2008;"cod";"cormorant"
0.00290391509715679;4;6;2008;"cod";"cormorant"
0.0276531206515393;1;6;2009;"cod";"cormorant"
0.0441570399843201;2;6;2009;"cod";"cormorant"
0.0353840238206314;3;6;2009;"cod";"cormorant"
0.00730522334653773;4;6;2009;"cod";"cormorant"
0.00752043724301823;1;6;2010;"cod";"cormorant"
0.01303136039261;2;6;2010;"cod";"cormorant"
0.0119689618168385;3;6;2010;"cod";"cormorant"
0.00259678285919189;4;6;2010;"cod";"cormorant"
0.00672770036710879;1;6;2011;"cod";"cormorant"
0.0115250886719739;2;6;2011;"cod";"cormorant"
0.0104734293516499;3;6;2011;"cod";"cormorant"
0.00228033153213796;4;6;2011;"cod";"cormorant"
0.00411749655904204;1;6;2012;"cod";"cormorant"
0.00697587869303004;2;6;2012;"cod";"cormorant"
0.00605554985351943;3;6;2012;"cod";"cormorant"
0.0013265268325396;4;6;2012;"cod";"cormorant"
0.00224472708262374;1;6;2013;"cod";"cormorant"
0.00357776984044221;2;6;2013;"cod";"cormorant"
0.00287796094442126;3;6;2013;"cod";"cormorant"
0.000567117312711265;4;6;2013;"cod";"cormorant"
0.00735236196514791;1;6;2014;"cod";"cormorant"
0.0125275200098047;2;6;2014;"cod";"cormorant"
0.0106476229985834;3;6;2014;"cod";"cormorant"
0.00228391161128157;4;6;2014;"cod";"cormorant"
0.0023347455572283;1;6;2015;"cod";"cormorant"
0.00389399240394186;2;6;2015;"cod";"cormorant"
0.00327412351238957;3;6;2015;"cod";"cormorant"
0.000678912292377391;4;6;2015;"cod";"cormorant"
0.00269294019807428;1;6;2016;"cod";"cormorant"
0.00431697912375556;2;6;2016;"cod";"cormorant"
0.0035258204752578;3;6;2016;"cod";"cormorant"
0.000739865117478432;4;6;2016;"cod";"cormorant"
0.00160918980722736;1;6;2017;"cod";"cormorant"
0.0025608440300187;2;6;2017;"cod";"cormorant"
0.00207683960571312;3;6;2017;"cod";"cormorant"
0.000413018528330525;4;6;2017;"cod";"cormorant"
0.0026231688779482;1;6;2018;"cod";"cormorant"
0.00457185871415418;2;6;2018;"cod";"cormorant"
0.00403358096335109;3;6;2018;"cod";"cormorant"
0.000860121482219892;4;6;2018;"cod";"cormorant"
0.00142702469744329;1;6;2019;"cod";"cormorant"
0.00207794239153673;2;6;2019;"cod";"cormorant"
0.00159009729620324;3;6;2019;"cod";"cormorant"
0.000324154586044727;4;6;2019;"cod";"cormorant"
0.000825411874257978;1;6;2020;"cod";"cormorant"
0.00136088118044214;2;6;2020;"cod";"cormorant"
0.00109572323054548;3;6;2020;"cod";"cormorant"
0.000250760831135045;4;6;2020;"cod";"cormorant"
0.000292147768673183;1;6;2021;"cod";"cormorant"
0.000508138323163969;2;6;2021;"cod";"cormorant"
0.000406469203671775;3;6;2021;"cod";"cormorant"
7.78363658441758e-05;4;6;2021;"cod";"cormorant"
0.00304554920361081;1;6;2022;"cod";"cormorant"
0.00594111599249505;2;6;2022;"cod";"cormorant"
0.00539438562669741;3;6;2022;"cod";"cormorant"
0.00114724633274107;4;6;2022;"cod";"cormorant"
0.000206050248373395;1;6;2023;"cod";"cormorant"
0.000429949794669135;2;6;2023;"cod";"cormorant"
0.000406295141919093;3;6;2023;"cod";"cormorant"
8.94579660000351e-05;4;6;2023;"cod";"cormorant"
0.000200368351987895;1;7;1985;"cod";"cormorant"
0.000305195092662682;2;7;1985;"cod";"cormorant"
0.000247877752767938;3;7;1985;"cod";"cormorant"
5.07923540233018e-05;4;7;1985;"cod";"cormorant"
0.000247059643811572;1;7;1986;"cod";"cormorant"
0.000376313874612478;2;7;1986;"cod";"cormorant"
0.000305640030973351;3;7;1986;"cod";"cormorant"
6.26283580657802e-05;4;7;1986;"cod";"cormorant"
0.000317222015596541;1;7;1987;"cod";"cormorant"
0.000483183104937039;2;7;1987;"cod";"cormorant"
0.000392438624036478;3;7;1987;"cod";"cormorant"
8.04141610204902e-05;4;7;1987;"cod";"cormorant"
0.000366895976060557;1;7;1988;"cod";"cormorant"
0.000558844998725803;2;7;1988;"cod";"cormorant"
0.000453890792349205;3;7;1988;"cod";"cormorant"
9.30062563319306e-05;4;7;1988;"cod";"cormorant"
0.000504433181597649;1;7;1989;"cod";"cormorant"
0.000768337564652557;2;7;1989;"cod";"cormorant"
0.000624039486453232;3;7;1989;"cod";"cormorant"
0.00012787123558493;4;7;1989;"cod";"cormorant"
0.00062212310880473;1;7;1990;"cod";"cormorant"
0.000947599348677207;2;7;1990;"cod";"cormorant"
0.000769634908035956;3;7;1990;"cod";"cormorant"
0.000157705031133839;4;7;1990;"cod";"cormorant"
0.000757513908346299;1;7;1991;"cod";"cormorant"
0.00115382257306276;2;7;1991;"cod";"cormorant"
0.000937128261167125;3;7;1991;"cod";"cormorant"
0.000192025907427859;4;7;1991;"cod";"cormorant"
0.00128463129609886;1;7;1992;"cod";"cormorant"
0.00215258271980595;2;7;1992;"cod";"cormorant"
0.00161848824244394;3;7;1992;"cod";"cormorant"
0.00036584748821189;4;7;1992;"cod";"cormorant"
0.000698290298470201;1;7;1993;"cod";"cormorant"
0.00131782235472512;2;7;1993;"cod";"cormorant"
0.00121802651316481;3;7;1993;"cod";"cormorant"
0.000295778579488337;4;7;1993;"cod";"cormorant"
0.000435747565982871;1;7;1994;"cod";"cormorant"
0.000758293111597684;2;7;1994;"cod";"cormorant"
0.000635623589257931;3;7;1994;"cod";"cormorant"
0.000132015353796476;4;7;1994;"cod";"cormorant"
0.000315369549237752;1;7;1995;"cod";"cormorant"
0.000533914809514946;2;7;1995;"cod";"cormorant"
0.000442207181835384;3;7;1995;"cod";"cormorant"
8.80509595234374e-05;4;7;1995;"cod";"cormorant"
0.000410290182288994;1;7;1996;"cod";"cormorant"
0.000751158342724059;2;7;1996;"cod";"cormorant"
0.000680863131804764;3;7;1996;"cod";"cormorant"
0.000156259956594305;4;7;1996;"cod";"cormorant"
0.000922099596782338;1;7;1997;"cod";"cormorant"
0.00157761471448697;2;7;1997;"cod";"cormorant"
0.00125001825771177;3;7;1997;"cod";"cormorant"
0.000251255019228999;4;7;1997;"cod";"cormorant"
0.00161835408486445;1;7;1998;"cod";"cormorant"
0.00270763095183349;2;7;1998;"cod";"cormorant"
0.00224533991192451;3;7;1998;"cod";"cormorant"
0.00049461915019136;4;7;1998;"cod";"cormorant"
0.000728111542103126;1;7;1999;"cod";"cormorant"
0.00127809436411089;2;7;1999;"cod";"cormorant"
0.00122172152074247;3;7;1999;"cod";"cormorant"
0.000291246568031709;4;7;1999;"cod";"cormorant"
0.00123546139178902;1;7;2000;"cod";"cormorant"
0.00229830088270036;2;7;2000;"cod";"cormorant"
0.00195531082487156;3;7;2000;"cod";"cormorant"
0.000465688512412767;4;7;2000;"cod";"cormorant"
0.00210546830046239;1;7;2001;"cod";"cormorant"
0.00371299662226441;2;7;2001;"cod";"cormorant"
0.00330585664153627;3;7;2001;"cod";"cormorant"
0.000740079897750548;4;7;2001;"cod";"cormorant"
0.00102114802078671;1;7;2002;"cod";"cormorant"
0.00171166969293429;2;7;2002;"cod";"cormorant"
0.00136366712883682;3;7;2002;"cod";"cormorant"
0.000301818919392026;4;7;2002;"cod";"cormorant"
0.00145671627865323;1;7;2003;"cod";"cormorant"
0.00255977320786831;2;7;2003;"cod";"cormorant"
0.00222549914276563;3;7;2003;"cod";"cormorant"
0.000516801968572937;4;7;2003;"cod";"cormorant"
0.00233951829458934;1;7;2004;"cod";"cormorant"
0.00379642555854466;2;7;2004;"cod";"cormorant"
0.00308676679370256;3;7;2004;"cod";"cormorant"
0.000660001034754783;4;7;2004;"cod";"cormorant"
0.00128053072097264;1;7;2005;"cod";"cormorant"
0.00235894451213309;2;7;2005;"cod";"cormorant"
0.00218694323112135;3;7;2005;"cod";"cormorant"
0.000523742986519101;4;7;2005;"cod";"cormorant"
0.00149608491396704;1;7;2006;"cod";"cormorant"
0.00278581987443396;2;7;2006;"cod";"cormorant"
0.00269173132178224;3;7;2006;"cod";"cormorant"
0.000691795193464829;4;7;2006;"cod";"cormorant"
0.00186832942064687;1;7;2007;"cod";"cormorant"
0.00330131903023309;2;7;2007;"cod";"cormorant"
0.0030979151883775;3;7;2007;"cod";"cormorant"
0.000717758419507914;4;7;2007;"cod";"cormorant"
0.0038237693916294;1;7;2008;"cod";"cormorant"
0.00625504755988714;2;7;2008;"cod";"cormorant"
0.00556244426603794;3;7;2008;"cod";"cormorant"
0.00130440929565849;4;7;2008;"cod";"cormorant"
0.00227466557367235;1;7;2009;"cod";"cormorant"
0.00386692361188186;2;7;2009;"cod";"cormorant"
0.00305219234873144;3;7;2009;"cod";"cormorant"
0.000668573407198353;4;7;2009;"cod";"cormorant"
0.00323964616187238;1;7;2010;"cod";"cormorant"
0.00595990530852145;2;7;2010;"cod";"cormorant"
0.0055561141410938;3;7;2010;"cod";"cormorant"
0.0012638004117706;4;7;2010;"cod";"cormorant"
0.0020994117836458;1;7;2011;"cod";"cormorant"
0.00376421478092144;2;7;2011;"cod";"cormorant"
0.00352560723704508;3;7;2011;"cod";"cormorant"
0.000820286178876111;4;7;2011;"cod";"cormorant"
0.00182962551795535;1;7;2012;"cod";"cormorant"
0.0032114516229348;2;7;2012;"cod";"cormorant"
0.00295689609669707;3;7;2012;"cod";"cormorant"
0.00068474980701311;4;7;2012;"cod";"cormorant"
0.000862009759832982;1;7;2013;"cod";"cormorant"
0.00143072612081011;2;7;2013;"cod";"cormorant"
0.00121048979506092;3;7;2013;"cod";"cormorant"
0.000267191864525326;4;7;2013;"cod";"cormorant"
0.000511639493975473;1;7;2014;"cod";"cormorant"
0.000948576301021042;2;7;2014;"cod";"cormorant"
0.0008582985909903;3;7;2014;"cod";"cormorant"
0.000191852691310319;4;7;2014;"cod";"cormorant"
0.00129336699741614;1;7;2015;"cod";"cormorant"
0.00225531971875464;2;7;2015;"cod";"cormorant"
0.00204482667278966;3;7;2015;"cod";"cormorant"
0.0004688142998202;4;7;2015;"cod";"cormorant"
0.000676619544644934;1;7;2016;"cod";"cormorant"
0.00116819308025228;2;7;2016;"cod";"cormorant"
0.00102963549389286;3;7;2016;"cod";"cormorant"
0.000230553559692159;4;7;2016;"cod";"cormorant"
0.000486328538496936;1;7;2017;"cod";"cormorant"
0.000822481373437657;2;7;2017;"cod";"cormorant"
0.000709475232295103;3;7;2017;"cod";"cormorant"
0.00015610568077346;4;7;2017;"cod";"cormorant"
0.000291955333303105;1;7;2018;"cod";"cormorant"
0.000553021052898317;2;7;2018;"cod";"cormorant"
0.000514999013983461;3;7;2018;"cod";"cormorant"
0.000118772121171954;4;7;2018;"cod";"cormorant"
0.000480235757101216;1;7;2019;"cod";"cormorant"
0.000765673861712337;2;7;2019;"cod";"cormorant"
0.000642293077994256;3;7;2019;"cod";"cormorant"
0.000140840724678056;4;7;2019;"cod";"cormorant"
0.000242226698116703;1;7;2020;"cod";"cormorant"
0.000438645076763782;2;7;2020;"cod";"cormorant"
0.000386492683945323;3;7;2020;"cod";"cormorant"
9.86795318064304e-05;4;7;2020;"cod";"cormorant"
0.00020135974184007;1;7;2021;"cod";"cormorant"
0.000391067515772415;2;7;2021;"cod";"cormorant"
0.000347116824090797;3;7;2021;"cod";"cormorant"
7.4055957756202e-05;4;7;2021;"cod";"cormorant"
9.5306928251929e-05;1;7;2022;"cod";"cormorant"
0.00022167780686475;2;7;2022;"cod";"cormorant"
0.000220079368597316;3;7;2022;"cod";"cormorant"
5.31824969688124e-05;4;7;2022;"cod";"cormorant"
0.000673957051836796;1;7;2023;"cod";"cormorant"
0.00161404693503785;2;7;2023;"cod";"cormorant"
0.00165429068032059;3;7;2023;"cod";"cormorant"
0.000414369157635196;4;7;2023;"cod";"cormorant"
0;1;0;2011;"cod";"grey seal"
1103.71894266681;2;0;2011;"cod";"grey seal"
283.508786179816;3;0;2011;"cod";"grey seal"
255.962910057256;4;0;2011;"cod";"grey seal"
0;1;0;2012;"cod";"grey seal"
1768.00114262679;2;0;2012;"cod";"grey seal"
453.049579545771;3;0;2012;"cod";"grey seal"
389.148086697575;4;0;2012;"cod";"grey seal"
0;1;0;2013;"cod";"grey seal"
1916.36575965222;2;0;2013;"cod";"grey seal"
383.505032863339;3;0;2013;"cod";"grey seal"
285.99549128686;4;0;2013;"cod";"grey seal"
0;1;0;2014;"cod";"grey seal"
1437.32441641415;2;0;2014;"cod";"grey seal"
285.444130841389;3;0;2014;"cod";"grey seal"
241.111941776962;4;0;2014;"cod";"grey seal"
0;1;0;2015;"cod";"grey seal"
728.552517441623;2;0;2015;"cod";"grey seal"
170.761191054365;3;0;2015;"cod";"grey seal"
138.905278496039;4;0;2015;"cod";"grey seal"
0;1;0;2016;"cod";"grey seal"
10650.2240075561;2;0;2016;"cod";"grey seal"
2697.52751697511;3;0;2016;"cod";"grey seal"
2121.61599912563;4;0;2016;"cod";"grey seal"
0;1;0;2017;"cod";"grey seal"
483.955522497156;2;0;2017;"cod";"grey seal"
82.400533210822;3;0;2017;"cod";"grey seal"
53.311635654725;4;0;2017;"cod";"grey seal"
0;1;0;2018;"cod";"grey seal"
859.084090528273;2;0;2018;"cod";"grey seal"
215.017732087787;3;0;2018;"cod";"grey seal"
218.279434331134;4;0;2018;"cod";"grey seal"
0;1;0;2019;"cod";"grey seal"
2358.61290063116;2;0;2019;"cod";"grey seal"
580.71706390483;3;0;2019;"cod";"grey seal"
456.819983582477;4;0;2019;"cod";"grey seal"
0;1;0;2020;"cod";"grey seal"
11326.0389208953;2;0;2020;"cod";"grey seal"
1866.73312286496;3;0;2020;"cod";"grey seal"
1227.25981619315;4;0;2020;"cod";"grey seal"
0;1;0;2021;"cod";"grey seal"
16136.1305706006;2;0;2021;"cod";"grey seal"
2631.95951311262;3;0;2021;"cod";"grey seal"
1544.82915427929;4;0;2021;"cod";"grey seal"
0;1;0;2022;"cod";"grey seal"
77566.3744560893;2;0;2022;"cod";"grey seal"
11263.1181372707;3;0;2022;"cod";"grey seal"
5947.43823520958;4;0;2022;"cod";"grey seal"
0;1;0;2023;"cod";"grey seal"
25941.9671803182;2;0;2023;"cod";"grey seal"
3644.11179238185;3;0;2023;"cod";"grey seal"
1955.36747201376;4;0;2023;"cod";"grey seal"
320.005994230101;1;1;2011;"cod";"grey seal"
340.206876620711;2;1;2011;"cod";"grey seal"
335.135102358736;3;1;2011;"cod";"grey seal"
286.981085915915;4;1;2011;"cod";"grey seal"
176.037989756288;1;1;2012;"cod";"grey seal"
181.996166267877;2;1;2012;"cod";"grey seal"
179.923338293198;3;1;2012;"cod";"grey seal"
149.851934837533;4;1;2012;"cod";"grey seal"
659.30693707777;1;1;2013;"cod";"grey seal"
621.775836129705;2;1;2013;"cod";"grey seal"
543.34034629515;3;1;2013;"cod";"grey seal"
411.169687491849;4;1;2013;"cod";"grey seal"
236.074091206401;1;1;2014;"cod";"grey seal"
246.766682004672;2;1;2014;"cod";"grey seal"
238.396775919819;3;1;2014;"cod";"grey seal"
215.60528623237;4;1;2014;"cod";"grey seal"
336.829341517939;1;1;2015;"cod";"grey seal"
352.13330085815;2;1;2015;"cod";"grey seal"
355.938585683747;3;1;2015;"cod";"grey seal"
307.882182183357;4;1;2015;"cod";"grey seal"
145.455562343967;1;1;2016;"cod";"grey seal"
160.274675396812;2;1;2016;"cod";"grey seal"
165.920870249282;3;1;2016;"cod";"grey seal"
132.83948701177;4;1;2016;"cod";"grey seal"
2228.09734048312;1;1;2017;"cod";"grey seal"
1719.51786307668;2;1;2017;"cod";"grey seal"
1244.86509545015;3;1;2017;"cod";"grey seal"
828.608818823572;4;1;2017;"cod";"grey seal"
57.8768816625623;1;1;2018;"cod";"grey seal"
63.7969212110819;2;1;2018;"cod";"grey seal"
70.1608060176354;3;1;2018;"cod";"grey seal"
74.5975862340163;4;1;2018;"cod";"grey seal"
138.948928117317;1;1;2019;"cod";"grey seal"
167.803283602526;2;1;2019;"cod";"grey seal"
178.118766141178;3;1;2019;"cod";"grey seal"
151.852658048866;4;1;2019;"cod";"grey seal"
880.384382143856;1;1;2020;"cod";"grey seal"
811.244255634768;2;1;2020;"cod";"grey seal"
664.917100002801;3;1;2020;"cod";"grey seal"
500.433137030426;4;1;2020;"cod";"grey seal"
933.130512467912;1;1;2021;"cod";"grey seal"
827.170936334052;2;1;2021;"cod";"grey seal"
671.451262843016;3;1;2021;"cod";"grey seal"
470.30986335306;4;1;2021;"cod";"grey seal"
1772.76088364966;1;1;2022;"cod";"grey seal"
1469.55099685036;2;1;2022;"cod";"grey seal"
1125.66724893417;3;1;2022;"cod";"grey seal"
736.930824018422;4;1;2022;"cod";"grey seal"
3531.30901013618;1;1;2023;"cod";"grey seal"
2619.98387654687;2;1;2023;"cod";"grey seal"
1882.30598913804;3;1;2023;"cod";"grey seal"
1234.59655840912;4;1;2023;"cod";"grey seal"
138.124212573315;1;2;2011;"cod";"grey seal"
98.7168905560861;2;2;2011;"cod";"grey seal"
65.9575557551844;3;2;2011;"cod";"grey seal"
35.0497232578089;4;2;2011;"cod";"grey seal"
139.408582387447;1;2;2012;"cod";"grey seal"
97.2340055079032;2;2;2012;"cod";"grey seal"
65.5828071452298;3;2;2012;"cod";"grey seal"
33.9756151385722;4;2;2012;"cod";"grey seal"
177.380311816168;1;2;2013;"cod";"grey seal"
110.945434129817;2;2;2013;"cod";"grey seal"
65.1262714597554;3;2;2013;"cod";"grey seal"
30.3079253669717;4;2;2013;"cod";"grey seal"
242.059474203865;1;2;2014;"cod";"grey seal"
169.432243621721;2;2;2014;"cod";"grey seal"
110.971132153417;3;2;2014;"cod";"grey seal"
61.94451731777;4;2;2014;"cod";"grey seal"
224.414901117674;1;2;2015;"cod";"grey seal"
158.326014369631;2;2;2015;"cod";"grey seal"
109.870386865507;3;2;2015;"cod";"grey seal"
59.1721893521416;4;2;2015;"cod";"grey seal"
237.620058622046;1;2;2016;"cod";"grey seal"
174.816222878487;2;2;2016;"cod";"grey seal"
121.867311091186;3;2;2016;"cod";"grey seal"
60.1979987832201;4;2;2016;"cod";"grey seal"
100.570938837321;1;2;2017;"cod";"grey seal"
51.7846545436431;2;2;2017;"cod";"grey seal"
25.3590848777017;3;2;2017;"cod";"grey seal"
10.4031093429864;4;2;2017;"cod";"grey seal"
652.242630530073;1;2;2018;"cod";"grey seal"
482.798539619886;2;2;2018;"cod";"grey seal"
361.262310655247;3;2;2018;"cod";"grey seal"
238.435993236877;4;2;2018;"cod";"grey seal"
35.2278420193824;1;2;2019;"cod";"grey seal"
28.6815497875427;2;2;2019;"cod";"grey seal"
20.8140673267021;3;2;2019;"cod";"grey seal"
11.067910165076;4;2;2019;"cod";"grey seal"
218.430625631011;1;2;2020;"cod";"grey seal"
138.902920123292;2;2;2020;"cod";"grey seal"
79.2440753603212;3;2;2020;"cod";"grey seal"
37.6647100254659;4;2;2020;"cod";"grey seal"
301.120194827768;1;2;2021;"cod";"grey seal"
190.286092562083;2;2;2021;"cod";"grey seal"
111.651958815302;3;2;2021;"cod";"grey seal"
51.5229990482228;4;2;2021;"cod";"grey seal"
444.782974209314;1;2;2022;"cod";"grey seal"
275.600837693469;2;2;2022;"cod";"grey seal"
160.287361059551;3;2;2022;"cod";"grey seal"
72.3704797041841;4;2;2022;"cod";"grey seal"
369.385816785976;1;2;2023;"cod";"grey seal"
206.319907840508;2;2;2023;"cod";"grey seal"
113.326169898646;3;2;2023;"cod";"grey seal"
51.5932001871861;4;2;2023;"cod";"grey seal"
45.4213429180526;1;3;2011;"cod";"grey seal"
26.0538767529992;2;3;2011;"cod";"grey seal"
15.1425778395121;3;3;2011;"cod";"grey seal"
7.37112451805497;4;3;2011;"cod";"grey seal"
11.5105502978736;1;3;2012;"cod";"grey seal"
6.4325591503013;2;3;2012;"cod";"grey seal"
3.78038517575693;3;3;2012;"cod";"grey seal"
1.80131054800688;4;3;2012;"cod";"grey seal"
26.0583625651598;1;3;2013;"cod";"grey seal"
12.8165621495783;2;3;2013;"cod";"grey seal"
6.41463619975143;3;3;2013;"cod";"grey seal"
2.67745946497049;4;3;2013;"cod";"grey seal"
11.5056676287036;1;3;2014;"cod";"grey seal"
6.3939330745575;2;3;2014;"cod";"grey seal"
3.61148894643944;3;3;2014;"cod";"grey seal"
1.83410335124037;4;3;2014;"cod";"grey seal"
45.1303218707782;1;3;2015;"cod";"grey seal"
25.3149221192691;2;3;2015;"cod";"grey seal"
15.0750585277862;3;3;2015;"cod";"grey seal"
7.398746134764;4;3;2015;"cod";"grey seal"
30.8309314110447;1;3;2016;"cod";"grey seal"
17.7780134452158;2;3;2016;"cod";"grey seal"
10.530444282797;3;3;2016;"cod";"grey seal"
4.65063557302343;4;3;2016;"cod";"grey seal"
29.7697701059509;1;3;2017;"cod";"grey seal"
12.075441521012;2;3;2017;"cod";"grey seal"
5.06198710700823;3;3;2017;"cod";"grey seal"
1.87016472328555;4;3;2017;"cod";"grey seal"
5.47877202962918;1;3;2018;"cod";"grey seal"
3.19548979785124;2;3;2018;"cod";"grey seal"
2.04829574138208;3;3;2018;"cod";"grey seal"
1.22230535757335;4;3;2018;"cod";"grey seal"
76.1960767404837;1;3;2019;"cod";"grey seal"
48.8294381219778;2;3;2019;"cod";"grey seal"
30.2161336150379;3;3;2019;"cod";"grey seal"
14.4370596019109;4;3;2019;"cod";"grey seal"
10.3862252764125;1;3;2020;"cod";"grey seal"
5.29489021264798;2;3;2020;"cod";"grey seal"
2.63732624529219;3;3;2020;"cod";"grey seal"
1.15966151895609;4;3;2020;"cod";"grey seal"
16.0186531836537;1;3;2021;"cod";"grey seal"
8.41533061690346;2;3;2021;"cod";"grey seal"
4.46925571074828;3;3;2021;"cod";"grey seal"
1.96089760468514;4;3;2021;"cod";"grey seal"
35.2073075958092;1;3;2022;"cod";"grey seal"
19.2533155404145;2;3;2022;"cod";"grey seal"
10.700049129591;3;3;2022;"cod";"grey seal"
4.88479913929924;4;3;2022;"cod";"grey seal"
27.414006677535;1;3;2023;"cod";"grey seal"
13.5949220435852;2;3;2023;"cod";"grey seal"
7.21715468369166;3;3;2023;"cod";"grey seal"
3.35481472294962;4;3;2023;"cod";"grey seal"
0.79170085854326;1;4;2011;"cod";"grey seal"
0.463446978015207;2;4;2011;"cod";"grey seal"
0.276968845104913;3;4;2011;"cod";"grey seal"
0.142845905284039;4;4;2011;"cod";"grey seal"
2.40946631740424;1;4;2012;"cod";"grey seal"
1.38160495151159;2;4;2012;"cod";"grey seal"
0.832690293129531;3;4;2012;"cod";"grey seal"
0.420083404257681;4;4;2012;"cod";"grey seal"
1.32311495639774;1;4;2013;"cod";"grey seal"
0.659522902896811;2;4;2013;"cod";"grey seal"
0.336213697538148;3;4;2013;"cod";"grey seal"
0.14626236290505;4;4;2013;"cod";"grey seal"
0.977925211086676;1;4;2014;"cod";"grey seal"
0.550476405703731;2;4;2014;"cod";"grey seal"
0.319350456003641;3;4;2014;"cod";"grey seal"
0.17094694682787;4;4;2014;"cod";"grey seal"
1.37252903391477;1;4;2015;"cod";"grey seal"
0.782652213390486;2;4;2015;"cod";"grey seal"
0.47486649979178;3;4;2015;"cod";"grey seal"
0.245815891769897;4;4;2015;"cod";"grey seal"
3.81057689688434;1;4;2016;"cod";"grey seal"
2.20569108630858;2;4;2016;"cod";"grey seal"
1.32783227539805;3;4;2016;"cod";"grey seal"
0.613553245665555;4;4;2016;"cod";"grey seal"
2.20627027259026;1;4;2017;"cod";"grey seal"
0.907624340364027;2;4;2017;"cod";"grey seal"
0.38855169459181;3;4;2017;"cod";"grey seal"
0.150474965346174;4;4;2017;"cod";"grey seal"
0.964323013196785;1;4;2018;"cod";"grey seal"
0.568646639171651;2;4;2018;"cod";"grey seal"
0.372382999374303;3;4;2018;"cod";"grey seal"
0.235023786411775;4;4;2018;"cod";"grey seal"
0.387489593731095;1;4;2019;"cod";"grey seal"
0.250951678987754;2;4;2019;"cod";"grey seal"
0.157630816061621;3;4;2019;"cod";"grey seal"
0.0792993620295602;4;4;2019;"cod";"grey seal"
12.8902648224245;1;4;2020;"cod";"grey seal"
6.71785073866381;2;4;2020;"cod";"grey seal"
3.42212939868325;3;4;2020;"cod";"grey seal"
1.61058793473756;4;4;2020;"cod";"grey seal"
0.498447466370524;1;4;2021;"cod";"grey seal"
0.274440316426847;2;4;2021;"cod";"grey seal"
0.15334436193278;3;4;2021;"cod";"grey seal"
0.0723524407296909;4;4;2021;"cod";"grey seal"
1.3886119724503;1;4;2022;"cod";"grey seal"
0.81472060583944;2;4;2022;"cod";"grey seal"
0.491544362006475;3;4;2022;"cod";"grey seal"
0.25070860397328;4;4;2022;"cod";"grey seal"
1.99071570871271;1;4;2023;"cod";"grey seal"
1.0700032884678;2;4;2023;"cod";"grey seal"
0.615572278553715;3;4;2023;"cod";"grey seal"
0.320185153150858;4;4;2023;"cod";"grey seal"
0.0873782540108636;1;5;2011;"cod";"grey seal"
0.05536420703764;2;5;2011;"cod";"grey seal"
0.0353569719950202;3;5;2011;"cod";"grey seal"
0.0199871204993197;4;5;2011;"cod";"grey seal"
0.0513413730810636;1;5;2012;"cod";"grey seal"
0.0315144172441736;2;5;2012;"cod";"grey seal"
0.0204938687952185;3;5;2012;"cod";"grey seal"
0.0112232859002595;4;5;2012;"cod";"grey seal"
0.327268846424726;1;5;2013;"cod";"grey seal"
0.178155517679142;2;5;2013;"cod";"grey seal"
0.0964171438186753;3;5;2013;"cod";"grey seal"
0.0468789242501149;4;5;2013;"cod";"grey seal"
0.0566155825434693;1;5;2014;"cod";"grey seal"
0.0350683912218216;2;5;2014;"cod";"grey seal"
0.0218204528957244;3;5;2014;"cod";"grey seal"
0.0129129868483821;4;5;2014;"cod";"grey seal"
0.142746061716073;1;5;2015;"cod";"grey seal"
0.0884841704474171;2;5;2015;"cod";"grey seal"
0.0586850059251054;3;5;2015;"cod";"grey seal"
0.0332241942896925;4;5;2015;"cod";"grey seal"
0.138106042281246;1;5;2016;"cod";"grey seal"
0.0881305030884232;2;5;2016;"cod";"grey seal"
0.0563451375137768;3;5;2016;"cod";"grey seal"
0.029059300928877;4;5;2016;"cod";"grey seal"
0.313306477278631;1;5;2017;"cod";"grey seal"
0.139068440194697;2;5;2017;"cod";"grey seal"
0.0638676883123433;3;5;2017;"cod";"grey seal"
0.0269750122467637;4;5;2017;"cod";"grey seal"
0.0839940366438063;1;5;2018;"cod";"grey seal"
0.0541486627980793;2;5;2018;"cod";"grey seal"
0.0385191937235528;3;5;2018;"cod";"grey seal"
0.0263989392987083;4;5;2018;"cod";"grey seal"
0.0809791710953007;1;5;2019;"cod";"grey seal"
0.0569031689962827;2;5;2019;"cod";"grey seal"
0.0388227647096595;3;5;2019;"cod";"grey seal"
0.0214200534749006;4;5;2019;"cod";"grey seal"
0.0753193747304759;1;5;2020;"cod";"grey seal"
0.0425636038544768;2;5;2020;"cod";"grey seal"
0.0236901671240358;3;5;2020;"cod";"grey seal"
0.0121426213422245;4;5;2020;"cod";"grey seal"
0.765521460767614;1;5;2021;"cod";"grey seal"
0.460875284187858;2;5;2021;"cod";"grey seal"
0.278049928208341;3;5;2021;"cod";"grey seal"
0.147152005365081;4;5;2021;"cod";"grey seal"
0.0562449234596004;1;5;2022;"cod";"grey seal"
0.0366050263269572;2;5;2022;"cod";"grey seal"
0.023964492201019;3;5;2022;"cod";"grey seal"
0.01359448031588;4;5;2022;"cod";"grey seal"
0.115426478717674;1;5;2023;"cod";"grey seal"
0.0677904915825481;2;5;2023;"cod";"grey seal"
0.0424424374967496;3;5;2023;"cod";"grey seal"
0.0245567247966771;4;5;2023;"cod";"grey seal"
0.018423194853207;1;6;2011;"cod";"grey seal"
0.0124983764430464;2;6;2011;"cod";"grey seal"
0.00837207829912414;3;6;2011;"cod";"grey seal"
0.00510670236716861;4;6;2011;"cod";"grey seal"
0.00777147850790208;1;6;2012;"cod";"grey seal"
0.00519461148057156;2;6;2012;"cod";"grey seal"
0.00355467541293935;3;6;2012;"cod";"grey seal"
0.00210874242878883;4;6;2012;"cod";"grey seal"
0.00955135898281967;1;6;2013;"cod";"grey seal"
0.00549744592729419;2;6;2013;"cod";"grey seal"
0.00315284133455355;3;6;2013;"cod";"grey seal"
0.00167611608712359;4;6;2013;"cod";"grey seal"
0.0195726935066849;1;6;2014;"cod";"grey seal"
0.0128905382940313;2;6;2014;"cod";"grey seal"
0.00848295702691562;3;6;2014;"cod";"grey seal"
0.00545617807186214;4;6;2014;"cod";"grey seal"
0.0121080773932017;1;6;2015;"cod";"grey seal"
0.00814558969174066;2;6;2015;"cod";"grey seal"
0.00569235729477247;3;6;2015;"cod";"grey seal"
0.00339209520135418;4;6;2015;"cod";"grey seal"
0.0207065541803951;1;6;2016;"cod";"grey seal"
0.0140437118452817;2;6;2016;"cod";"grey seal"
0.00949052809813389;3;6;2016;"cod";"grey seal"
0.00520876491667736;4;6;2016;"cod";"grey seal"
0.0158414894614172;1;6;2017;"cod";"grey seal"
0.00760425874250005;2;6;2017;"cod";"grey seal"
0.00368132962049013;3;6;2017;"cod";"grey seal"
0.00169772735080043;4;6;2017;"cod";"grey seal"
0.0168327667474122;1;6;2018;"cod";"grey seal"
0.0113911906374144;2;6;2018;"cod";"grey seal"
0.00857635045221563;3;6;2018;"cod";"grey seal"
0.00635817513670995;4;6;2018;"cod";"grey seal"
0.0101696137068801;1;6;2019;"cod";"grey seal"
0.00753675571045164;2;6;2019;"cod";"grey seal"
0.00555733927094103;3;6;2019;"cod";"grey seal"
0.0032455571601007;4;6;2019;"cod";"grey seal"
0.0218263108758155;1;6;2020;"cod";"grey seal"
0.0134056218767287;2;6;2020;"cod";"grey seal"
0.00788718339699687;3;6;2020;"cod";"grey seal"
0.00444204246499987;4;6;2020;"cod";"grey seal"
0.00649161774807692;1;6;2021;"cod";"grey seal"
0.0041778274159333;2;6;2021;"cod";"grey seal"
0.00269183679337909;3;6;2021;"cod";"grey seal"
0.00151423759533838;4;6;2021;"cod";"grey seal"
0.126826571059814;1;6;2022;"cod";"grey seal"
0.0868700564011346;2;6;2022;"cod";"grey seal"
0.0612817075747058;3;6;2022;"cod";"grey seal"
0.0367524654515217;4;6;2022;"cod";"grey seal"
0.00672763590548947;1;6;2023;"cod";"grey seal"
0.00433578813854361;2;6;2023;"cod";"grey seal"
0.0028623997908055;3;6;2023;"cod";"grey seal"
0.00180385520443584;4;6;2023;"cod";"grey seal"
0.00576772723939055;1;7;2011;"cod";"grey seal"
0.0041080872972567;2;7;2011;"cod";"grey seal"
0.00283384765168898;3;7;2011;"cod";"grey seal"
0.00177925273550021;4;7;2011;"cod";"grey seal"
0.00347854478964512;1;7;2012;"cod";"grey seal"
0.00239797510301114;2;7;2012;"cod";"grey seal"
0.00175326063286571;3;7;2012;"cod";"grey seal"
0.00106397783546793;4;7;2012;"cod";"grey seal"
0.00365524326579283;1;7;2013;"cod";"grey seal"
0.00223856196839065;2;7;2013;"cod";"grey seal"
0.00140080262719437;3;7;2013;"cod";"grey seal"
0.000759901263452621;4;7;2013;"cod";"grey seal"
0.00138951092400153;1;7;2014;"cod";"grey seal"
0.000975929780302168;2;7;2014;"cod";"grey seal"
0.000686308650301302;3;7;2014;"cod";"grey seal"
0.000479711738243302;4;7;2014;"cod";"grey seal"
0.0065528384570837;1;7;2015;"cod";"grey seal"
0.00476084119249877;2;7;2015;"cod";"grey seal"
0.00353795521794018;3;7;2015;"cod";"grey seal"
0.0023572908275379;4;7;2015;"cod";"grey seal"
0.00528582305108944;1;7;2016;"cod";"grey seal"
0.00378071781720257;2;7;2016;"cod";"grey seal"
0.00277047624676952;3;7;2016;"cod";"grey seal"
0.00159504506072304;4;7;2016;"cod";"grey seal"
0.00480533025708612;1;7;2017;"cod";"grey seal"
0.00239931776088466;2;7;2017;"cod";"grey seal"
0.00125053977638054;3;7;2017;"cod";"grey seal"
0.000628981312135151;4;7;2017;"cod";"grey seal"
0.00188200418522437;1;7;2018;"cod";"grey seal"
0.001389388609465;2;7;2018;"cod";"grey seal"
0.00112433301141295;3;7;2018;"cod";"grey seal"
0.000890592860350464;4;7;2018;"cod";"grey seal"
0.00335303012063262;1;7;2019;"cod";"grey seal"
0.00278537679669048;2;7;2019;"cod";"grey seal"
0.00217923953923303;3;7;2019;"cod";"grey seal"
0.0014231501235637;4;7;2019;"cod";"grey seal"
0.00642002047982277;1;7;2020;"cod";"grey seal"
0.00435955367296018;2;7;2020;"cod";"grey seal"
0.00281969476391278;3;7;2020;"cod";"grey seal"
0.00175306924547607;4;7;2020;"cod";"grey seal"
0.00460691462873693;1;7;2021;"cod";"grey seal"
0.00320793983950908;2;7;2021;"cod";"grey seal"
0.00228361778889673;3;7;2021;"cod";"grey seal"
0.00146844704613741;4;7;2021;"cod";"grey seal"
0.00403928210264737;1;7;2022;"cod";"grey seal"
0.00314794014054299;2;7;2022;"cod";"grey seal"
0.00252590297878341;3;7;2022;"cod";"grey seal"
0.00172046260339469;4;7;2022;"cod";"grey seal"
0.0228556354630699;1;7;2023;"cod";"grey seal"
0.0160991850360034;2;7;2023;"cod";"grey seal"
0.0119825680804733;3;7;2023;"cod";"grey seal"
0.00840770712049416;4;7;2023;"cod";"grey seal"
